page,title,nid,file_id,filename,alt,uses_elsewhere,confidence,why,src
"/about/laws/policy","Policy and Legislation","","32055","Policy & Leg.png","Policy &amp; legislative banner","0","7","at top + full width + named banner","/doe/sites/maine.gov.doe/files/inline-images/Policy%20%26%20Leg.png"
"/about/leadership","Leadership","","50721","About - Leadership Banner.png","Leadership Banner","0","7","at top + full width + named banner","/doe/sites/maine.gov.doe/files/inline-images/About%20-%20Leadership%20Banner.png"
"/about/leadership/studentleadership","Student Leadership","","39431","Student Leadership - Web Banner.png","Student Leadership - Web Banner","0","7","at top + full width + named banner","/doe/sites/maine.gov.doe/files/inline-images/Student%20Leadership%20-%20Web%20Banner.png"
"/about/leadership/studentleadership/studentcabinet","Student Cabinet","","39429","Student Leadership - Student Cabinet Web Banner.png","Student Cabinet Web Banner","0","7","at top + full width + named banner","/doe/sites/maine.gov.doe/files/inline-images/Student%20Leadership%20-%20Student%20Cabinet%20Web%20Banner.png"
"/about/partnerships/global","Global Partners Network","","44481","Partnerships - Global Partner Network - Home Banner.png","Global partners banner","0","7","at top + full width + named banner","/doe/sites/maine.gov.doe/files/inline-images/Partnerships%20-%20Global%20Partner%20Network%20-%20Home%20Banner.png"
"/about/updates","Department Updates","","42457","Department Updates - Web Banner.png","Department Updates - Web Banner","0","7","at top + full width + named banner","/doe/sites/maine.gov.doe/files/inline-images/Department%20Updates%20-%20Web%20Banner.png"
"/artsandhumanities","Arts & Humanities Hub","","48997","Arts & Humanities Hub - Website Banner.png","Arts banner","0","7","at top + full width + named banner","/doe/sites/maine.gov.doe/files/inline-images/Arts%20%26%20Humanities%20Hub%20-%20Website%20Banner.png"
"/assessment/achievement","Maine Through Year Assessment Summative Achievement Level Summaries","","43975","Assessment - Summative Achievement Level Summaries.png","Summative Banner","0","7","at top + full width + named banner","/doe/sites/maine.gov.doe/files/inline-images/Assessment%20-%20Summative%20Achievement%20Level%20Summaries.png"
"/assessment/achievement/math","Maine Through Year Assessment Summative Achievement Level Summaries - Math","","43971","Assessment - Summative Achievement Level Summaries Math.png"," Math Banner","0","7","at top + full width + named banner","/doe/sites/maine.gov.doe/files/inline-images/Assessment%20-%20Summative%20Achievement%20Level%20Summaries%20Math.png"
"/assessment/achievement/reading","Maine Through Year Assessment Summative Achievement Level Summaries - Reading","","43973","Assessment - Summative Achievement Level Summaries Reading.png","Reading Banner","0","7","at top + full width + named banner","/doe/sites/maine.gov.doe/files/inline-images/Assessment%20-%20Summative%20Achievement%20Level%20Summaries%20Reading.png"
"/assessment/contact","Assessment Team Contact","","47473","Contact Us Website Banner.png","Contact Us banner","12","7","at top + full width + named banner","/doe/sites/maine.gov.doe/files/inline-images/Contact%20Us%20Website%20Banner.png"
"/cds","Child Development Services (CDS)","","37493","CDS Website Banner.png","Child Development Services Banner","0","7","at top + full width + named banner","/doe/sites/maine.gov.doe/files/inline-images/CDS%20Website%20Banner.png"
"/cds/earlychildhoodspecialeducation","Early Childhood Special Education","","42473","Special Services - Early Childhood Special Education Homepage Banner.png","Special Services - Early Childhood Banner","0","7","at top + full width + named banner","/doe/sites/maine.gov.doe/files/inline-images/Special%20Services%20-%20Early%20Childhood%20Special%20Education%20Homepage%20Banner.png"
"/cert","Certification & Credentialing","","42379","Certification - Home Banner.png","certification banner","0","7","at top + full width + named banner","https://www.maine.gov/doe/sites/maine.gov.doe/files/inline-images/Certification%20-%20Home%20Banner.png"
"/cert/faq","Certification Frequently Asked Questions","","41281","Certification - Frequently Asked Questions Web Banner.png","FAQ Banner","0","7","at top + full width + named banner","/doe/sites/maine.gov.doe/files/inline-images/Certification%20-%20Frequently%20Asked%20Questions%20Web%20Banner.png"
"/data-reporting/medmssupport","MEDMS Data Systems Support","","36587","MEDMS.png","MEDMS Banner","0","7","at top + full width + named banner","/doe/sites/maine.gov.doe/files/inline-images/MEDMS.png"
"/data-reporting/privacy","Data Privacy","","36593","Data Privacy.png","Data Privacy Banner","0","7","at top + full width + named banner","/doe/sites/maine.gov.doe/files/inline-images/Data%20Privacy.png"
"/data-reporting/ReportingCalendars","Student and Staff Data Reporting Calendars","","53083","Data - Calendars Banner.png","Data Calendar Banner","0","7","at top + full width + named banner","/doe/sites/maine.gov.doe/files/inline-images/Data%20-%20Calendars%20Banner.png"
"/dirigoschools","Dirigo Schools of Distinction ","","54263","Innovation - Dirigo Schools of Distinction Banner - 8.14.2026.png","Dirigo Banner","0","7","at top + full width + named banner","/doe/sites/maine.gov.doe/files/inline-images/Innovation%20-%20Dirigo%20Schools%20of%20Distinction%20Banner%20-%208.14.2026.png"
"/earlychildhoodspecialeducation/cohortmeetings","Early Childhood Special Education Cohort Meetings","","41079","Early Childhood Special Education - Cohort Meetings Web Banner.png","Cohort Meetings Web Banner","0","7","at top + full width + named banner","/doe/sites/maine.gov.doe/files/inline-images/Early%20Childhood%20Special%20Education%20-%20Cohort%20Meetings%20Web%20Banner.png"
"/earlyinterventionforme/reporting","Early Intervention for ME: Reporting","","42543","Early Intervention for ME - Reporting Banner.png","Reporting Banner","0","7","at top + full width + named banner","/doe/sites/maine.gov.doe/files/inline-images/Early%20Intervention%20for%20ME%20-%20Reporting%20Banner.png"
"/educators/educatorrecognition","Educator & School Staff Recognition","","46991","Educator Recognition - Homepage Banner.png","Educator Recognition Banner","0","7","at top + full width + named banner","/doe/sites/maine.gov.doe/files/inline-images/Educator%20Recognition%20-%20Homepage%20Banner.png"
"/educatorservices","Office of Higher Education & Educator Support Services","","31045","Higher Ed.png","HE Banner","0","7","at top + full width + named banner","/doe/sites/maine.gov.doe/files/inline-images/Higher%20Ed.png"
"/engine","EnGiNE - Community & Learning Platform","","45013","EnGiNE - Website Homepage Banner.png","Banner","0","7","at top + full width + named banner","/doe/sites/maine.gov.doe/files/inline-images/EnGiNE%20-%20Website%20Homepage%20Banner.png"
"/exploreeducation/teachmaine","TeachMaine ","","47039","Educator Support - TeachMaine Banner.png","TeachMaine banner","0","7","at top + full width + named banner","/doe/sites/maine.gov.doe/files/inline-images/Educator%20Support%20-%20TeachMaine%20Banner.png"
"/facilitieshome","Office of School Facilities","","31048","Facilities Banner.png","Facilities Banner","0","7","at top + full width + named banner","/doe/sites/maine.gov.doe/files/inline-images/Facilities%20Banner.png"
"/federalprograms/resources","Federal Programs Resources","","31050","FP Banner.png","Federal Programs Banner","1","7","at top + full width + named banner","/doe/sites/maine.gov.doe/files/inline-images/FP%20Banner.png"
"/federalprograms/resources","Federal Programs Resources","","31454","FP - Resources.png","Federal Program Resources Banner","0","7","at top + full width + named banner","/doe/sites/maine.gov.doe/files/inline-images/FP%20-%20Resources.png"
"/funding","Funding","","41197","School Finance - Funding Website Banner.png","Funding Banner","0","7","at top + full width + named banner","/doe/sites/maine.gov.doe/files/inline-images/School%20Finance%20-%20Funding%20Website%20Banner.png"
"/funding/accounting/guidance","Budgets & Guidance","","40859","School Finance - Budgets & Guidance Web Banner .png","School Finance Budgets Web Banner","0","7","at top + full width + named banner","/doe/sites/maine.gov.doe/files/inline-images/School%20Finance%20-%20Budgets%20%26%20Guidance%20Web%20Banner%20.png"
"/funding/accounting/handbook","Model Chart of Accounts","","41167","School Finance - Budgets & Accounting - Model Charts of Accounts Web Banner.png","Model Charts of Accounts Banner","0","7","at top + full width + named banner","/doe/sites/maine.gov.doe/files/inline-images/School%20Finance%20-%20Budgets%20%26%20Accounting%20-%20Model%20Charts%20of%20Accounts%20Web%20Banner.png"
"/funding/contact","School Finance Contact","","47473","Contact Us Website Banner.png","Contact Us banner","12","7","at top + full width + named banner","/doe/sites/maine.gov.doe/files/inline-images/Contact%20Us%20Website%20Banner.png"
"/funding/gpa","School Funding - General Purpose Aid (GPA)","","41199","School Finance - General Purpose Aid Website Banner.png","General Purpose Aid Banner","0","7","at top + full width + named banner","/doe/sites/maine.gov.doe/files/inline-images/School%20Finance%20-%20General%20Purpose%20Aid%20Website%20Banner.png"
"/funding/gpa/debtservice","Debt Service Wire Transfer Information","","44939","School Finance - Debt Service Wire Transfer Information Banner.png","Debt Service Wire Banner","0","7","at top + full width + named banner","/doe/sites/maine.gov.doe/files/inline-images/School%20Finance%20-%20Debt%20Service%20Wire%20Transfer%20Information%20Banner.png"
"/funding/gpa/eps/23-24","FY 2023-24 Funding Details","","40917","School Finance - General Purpose Aid Funding Details Web Banner.png","School Finance GPA Funding Details","0","7","at top + full width + named banner","/doe/sites/maine.gov.doe/files/inline-images/School%20Finance%20-%20General%20Purpose%20Aid%20Funding%20Details%20Web%20Banner.png"
"/funding/gpa/eps/msmv","Maine State Municipal Valuations","","43653","School Finance - Municipal Valuations Website Banner.png","Web Banner","0","7","at top + full width + named banner","/doe/sites/maine.gov.doe/files/inline-images/School%20Finance%20-%20Municipal%20Valuations%20Website%20Banner.png"
"/funding/gpa/eps/resources","Essential Programs & Services (EPS) Resources","","41189","School Finance - General Purpose Aid - Essential Programs Resources Website Banner.png","EPS Resources Banner","0","7","at top + full width + named banner","/doe/sites/maine.gov.doe/files/inline-images/School%20Finance%20-%20General%20Purpose%20Aid%20-%20Essential%20Programs%20Resources%20Website%20Banner.png"
"/highmobility","Resources for Highly Mobile Students","","51103","School & Student Supports - Highly Mobile Populations Banner.png","Banner placeholder","0","7","at top + full width + named banner","/doe/sites/maine.gov.doe/files/inline-images/School%20%26%20Student%20Supports%20-%20Highly%20Mobile%20Populations%20Banner.png"
"/hotlunchsummer","Summer Food Service Program (SFSP)","","33664","Summer.png","Summer Food Service Program banner","0","7","at top + full width + named banner","/doe/sites/maine.gov.doe/files/inline-images/Summer.png"
"/innovation","Office of Innovation","","31051","Innovation Banner_0.png","Innovation Banner","0","7","at top + full width + named banner","/doe/sites/maine.gov.doe/files/inline-images/Innovation%20Banner_0.png"
"/innovation/climateeducation/climateseal","Maine Seal of Climate Literacy","","53883","Climate Education - Seal of Climate Literacy Banner.png","Climate Literacy Banner","0","7","at top + full width + named banner","/doe/sites/maine.gov.doe/files/inline-images/Climate%20Education%20-%20Seal%20of%20Climate%20Literacy%20Banner.png"
"/innovation/climateeducation/literacyplan","Maine Environmental & Climate Literacy Plan","","43983","Climate Education - Maine Environmental & Climate Literacy Plan Banner.png","Banner","0","7","at top + full width + named banner","/doe/sites/maine.gov.doe/files/inline-images/Climate%20Education%20-%20Maine%20Environmental%20%26%20Climate%20Literacy%20Plan%20Banner.png"
"/innovation/greenschools","Green Schools Program","","50761","Green Schools - Home Banner.png","Green schools banner","0","7","at top + full width + named banner","/doe/sites/maine.gov.doe/files/inline-images/Green%20Schools%20-%20Home%20Banner.png"
"/innovation/MaineOutdoorLearning","Maine Outdoor Learning Initiative","","43681","Outdoor Education - MOLI Homepage Banner.png","MOLI banner","0","7","at top + full width + named banner","/doe/sites/maine.gov.doe/files/inline-images/Outdoor%20Education%20-%20MOLI%20Homepage%20Banner.png"
"/innovation/rrev/data","RREV Data & Reporting","","38517","RREV - Data & Reporting Web Banner.png","RREV Data and Reporting Web Banner","0","7","at top + full width + named banner","/doe/sites/maine.gov.doe/files/inline-images/RREV%20-%20Data%20%26%20Reporting%20Web%20Banner.png"
"/innovation/rrev/history","RREV History","","38519","RREV - History.png","RREV History Banner","0","7","at top + full width + named banner","/doe/sites/maine.gov.doe/files/inline-images/RREV%20-%20History.png"
"/innovation/rrev/research","RREV Research & Support","","38523","RREV - Research & Support.png","RREV Research &amp; Support Web Banner","0","7","at top + full width + named banner","/doe/sites/maine.gov.doe/files/inline-images/RREV%20-%20Research%20%26%20Support.png"
"/innovation/wabanakistudies","Wabanaki Studies","","52283","Wabanki (1).png","Wabanaki Studies Banner - Sunset over ridge","0","7","at top + full width + named banner","/doe/sites/maine.gov.doe/files/inline-images/Wabanki%20%281%29.png"
"/innovation/wabanakistudies/resources","Wabanaki Studies - Resources","","38365","Wabanaki Studies - Resources Website Banner.png","Wabanaki Studies Web Banner","0","7","at top + full width + named banner","/doe/sites/maine.gov.doe/files/inline-images/Wabanaki%20Studies%20-%20Resources%20Website%20Banner.png"
"/innovativeresearch","Innovative Research and Design","","49113","Innovative R&D - Homepage Banner.png","homepage banner","0","7","at top + full width + named banner","/doe/sites/maine.gov.doe/files/inline-images/Innovative%20R%26D%20-%20Homepage%20Banner.png"
"/learning/adulted/contact","Adult Education Contact","","47473","Contact Us Website Banner.png","Contact Us banner","12","7","at top + full width + named banner","/doe/sites/maine.gov.doe/files/inline-images/Contact%20Us%20Website%20Banner.png"
"/learning/civics","Civics","","49001","Arts & Humanities Hub - Civics Website Banner.png","Civics Banner","0","7","at top + full width + named banner","/doe/sites/maine.gov.doe/files/inline-images/Arts%20%26%20Humanities%20Hub%20-%20Civics%20Website%20Banner.png"
"/learning/content/new","The Learning Hub","","53725","Content & Standards - The Learning Hub Banner - 6.25.2026.png","Learning Hub Banner","1","7","at top + full width + named banner","/doe/sites/maine.gov.doe/files/inline-images/Content%20%26%20Standards%20-%20The%20Learning%20Hub%20Banner%20-%206.25.2026.png"
"/learning/content/world-language/biliteracy","Maine Seal of Biliteracy","","52243","Biliteracy (1).jpg","Biliteracy Banner","0","7","at top + full width + named banner","/doe/sites/maine.gov.doe/files/inline-images/Biliteracy%20%281%29.jpg"
"/learning/cte","Career and Technical Education","","34014","CTE Banner.png","CTE Banner","0","7","at top + full width + named banner","/doe/sites/maine.gov.doe/files/inline-images/CTE%20Banner.png"
"/learning/cte/contact","Career & Technical Education (CTE) Contact","","47473","Contact Us Website Banner.png","Contact Us banner","12","7","at top + full width + named banner","/doe/sites/maine.gov.doe/files/inline-images/Contact%20Us%20Website%20Banner.png"
"/learning/cte/regulations","Regulations & Funding","","44677","CTE - Regulation & Funding Banner.png","Regulations Banner","0","7","at top + full width + named banner","/doe/sites/maine.gov.doe/files/inline-images/CTE%20-%20Regulation%20%26%20Funding%20Banner.png"
"/learning/cte/resources","Resources - Career and Technical Education","","51655","CTE - Resources Banner.png","CTE Resource Banner","0","7","at top + full width + named banner","/doe/sites/maine.gov.doe/files/inline-images/CTE%20-%20Resources%20Banner.png"
"/learning/cte/schools","Schools & Programs","","51653","CTE - Schools & Programs Banner.png","CTE Schools and programs banner","0","7","at top + full width + named banner","/doe/sites/maine.gov.doe/files/inline-images/CTE%20-%20Schools%20%26%20Programs%20Banner.png"
"/learning/earlychildhood","Early Learning","","","Early Learning Homepage Banner.png","Early Learning Banner","0","7","at top + full width + named banner","/doe/sites/maine.gov.doe/files/inline-images/Early Learning Homepage Banner.png"
"/learning/earlychildhood/1stgradeforme","1st Grade for ME","","46231","Early Learning - 1st Grade for ME Homepage Banner.png","1st Grade for ME banner","0","7","at top + full width + named banner","/doe/sites/maine.gov.doe/files/inline-images/Early%20Learning%20-%201st%20Grade%20for%20ME%20Homepage%20Banner.png"
"/learning/earlychildhood/first10","First 10: Schools and Communities in Maine","","42637","Early Learning - First 10 Schools Homepage Banner.png","First 10 Banner","0","7","at top + full width + named banner","/doe/sites/maine.gov.doe/files/inline-images/Early%20Learning%20-%20First%2010%20Schools%20Homepage%20Banner.png"
"/learning/earlychildhood/first10/faq","First 10 Schools and Communities FAQ's","","42643","Early Learning - First 10 FAQs Banner.png","First 10 FAQ banner","0","7","at top + full width + named banner","/doe/sites/maine.gov.doe/files/inline-images/Early%20Learning%20-%20First%2010%20FAQs%20Banner.png"
"/learning/earlychildhood/headstart/grantees","Maine Head Start Grantees","","51643","Early Learning - Maine Head Start Grantees Banner.png","Grantees Banner","0","7","at top + full width + named banner","/doe/sites/maine.gov.doe/files/inline-images/Early%20Learning%20-%20Maine%20Head%20Start%20Grantees%20Banner.png"
"/learning/earlychildhood/instructionalprogramming","For ME Instructional Programming","","47145","Early Learning - For ME Instructional Programming Banner.png","for me banner","0","7","at top + full width + named banner","/doe/sites/maine.gov.doe/files/inline-images/Early%20Learning%20-%20For%20ME%20Instructional%20Programming%20Banner.png"
"/learning/earlychildhood/K4ME/supportingdocs","K for ME - Supporting Documents","","37651","K for ME - Supporting Documents.png","K for ME Supporting Documents Website Banner","0","7","at top + full width + named banner","/doe/sites/maine.gov.doe/files/inline-images/K%20for%20ME%20-%20Supporting%20Documents.png"
"/learning/earlychildhood/K4ME/supportingdocs","K for ME - Supporting Documents","","37649","K for ME - Supporting Documents - Introduction.png","K for ME Introduction Banner","0","7","at top + full width + named banner","/doe/sites/maine.gov.doe/files/inline-images/K%20for%20ME%20-%20Supporting%20Documents%20-%20Introduction.png"
"/learning/earlychildhood/pkexpansiongrant","Preschool Expansion Grants","","51637","Early Learning - Pre-Kindergarten Expansion Grants Banner.png","PreK Expansion Banner","0","7","at top + full width + named banner","/doe/sites/maine.gov.doe/files/inline-images/Early%20Learning%20-%20Pre-Kindergarten%20Expansion%20Grants%20Banner.png"
"/learning/earlychildhood/PreK4ME","Pre K For ME","","45537","Early Learning - Pre K for ME Homepage Banner.png","Pre K for ME Banner","0","7","at top + full width + named banner","/doe/sites/maine.gov.doe/files/inline-images/Early%20Learning%20-%20Pre%20K%20for%20ME%20Homepage%20Banner.png"
"/learning/earlychildhood/publicpreschool","Public Preschool","","52267","EL - Public Preschool (1).png","Public Preschool Banner","0","7","at top + full width + named banner","/doe/sites/maine.gov.doe/files/inline-images/EL%20-%20Public%20Preschool%20%281%29.png"
"/learning/earlychildhood/resources","Early Learning - Professional Learning & Resources","","46693","Early Learning - Professional Learning & Resources Banner.png","Banner","0","7","at top + full width + named banner","/doe/sites/maine.gov.doe/files/inline-images/Early%20Learning%20-%20Professional%20Learning%20%26%20Resources%20Banner.png"
"/learning/earlychildhood/solutionslab","Early Learning Solutions Lab","","52877","Early Learning - Solutions Lab Banner.png","solutions lab banner","0","7","at top + full width + named banner","/doe/sites/maine.gov.doe/files/inline-images/Early%20Learning%20-%20Solutions%20Lab%20Banner.png"
"/learning/earlychildhood/standards","Maine's Learning Standards (MELDS)","","52327","Early Learning - Learning Standards (MELDS) Banner.png","MELDS Banner","0","7","at top + full width + named banner","/doe/sites/maine.gov.doe/files/inline-images/Early%20Learning%20-%20Learning%20Standards%20%28MELDS%29%20Banner.png"
"/learning/earlychildhood/transitions","Transitioning into Kindergarten","","33813","EL - Transition to K.png","Transition Banner","0","7","at top + full width + named banner","/doe/sites/maine.gov.doe/files/inline-images/EL%20-%20Transition%20to%20K.png"
"/learning/earlychildhood/transitions/modules","Transitioning into Kindergarten - Professional Development Modules","","35619","Early Learning - Transitioning into kindergarten.png","Transitioning into Kindergarten Modules Banner","0","7","at top + full width + named banner","/doe/sites/maine.gov.doe/files/inline-images/Early%20Learning%20-%20Transitioning%20into%20kindergarten.png"
"/learning/earlylearning/contact","Early Learning Contact","","47473","Contact Us Website Banner.png","Contact Us banner","12","7","at top + full width + named banner","/doe/sites/maine.gov.doe/files/inline-images/Contact%20Us%20Website%20Banner.png"
"/learning/earlylearning/instructionalprogramming/2ndgradeforme","2nd Grade for ME","","45563","Early Learning - 2nd Grade for ME Homepage Banner.png","2nd Grade for ME banner","0","7","at top + full width + named banner","/doe/sites/maine.gov.doe/files/inline-images/Early%20Learning%20-%202nd%20Grade%20for%20ME%20Homepage%20Banner.png"
"/learning/elo","Extended Learning Opportunities","","41847","Extended Learning - Homepage Website Banner.jpg","Extended Learning Banner","0","7","at top + full width + named banner","/doe/sites/maine.gov.doe/files/inline-images/Extended%20Learning%20-%20Homepage%20Website%20Banner.jpg"
"/learning/elo/resources","Extended Learning Resources","","39551","Extended Learning Opportunities - Resources Website Banner.png","Extended Learning Resource Banner","0","7","at top + full width + named banner","/doe/sites/maine.gov.doe/files/inline-images/Extended%20Learning%20Opportunities%20-%20Resources%20Website%20Banner.png"
"/learning/esea/contact","ESEA Federal Programs Contact","","47473","Contact Us Website Banner.png","Contact Us banner","12","7","at top + full width + named banner","/doe/sites/maine.gov.doe/files/inline-images/Contact%20Us%20Website%20Banner.png"
"/learning/esea/resources","ESEA State Resources","","42365","Federal Programs - ESEA Resources Banner.png","ESEA Resources Banner","0","7","at top + full width + named banner","/doe/sites/maine.gov.doe/files/inline-images/Federal%20Programs%20-%20ESEA%20Resources%20Banner.png"
"/learning/ffa","Maine FFA Association","","51501","FFA - Home Banner.png","Banner","0","7","at top + full width + named banner","/doe/sites/maine.gov.doe/files/inline-images/FFA%20-%20Home%20Banner.png"
"/learning/ffa/resources","FFA Forms & Resources","","51659","FFA - Forms & Resources Banner.png","Forms","0","7","at top + full width + named banner","/doe/sites/maine.gov.doe/files/inline-images/FFA%20-%20Forms%20%26%20Resources%20Banner.png"
"/learning/ffa/winners","Maine FFA Award Winners","","51657","FFA - Awards Banner.png","Awards Banner","0","7","at top + full width + named banner","/doe/sites/maine.gov.doe/files/inline-images/FFA%20-%20Awards%20Banner.png"
"/learning/financialliteracy","Financial Literacy","","54055","Interdisciplinary Instruction - Financial Literacy - Financial Literacy Banner - 7.31.2026.jpg","Financial Literacy Banner","0","7","at top + full width + named banner","/doe/sites/maine.gov.doe/files/inline-images/Interdisciplinary%20Instruction%20-%20Financial%20Literacy%20-%20Financial%20Literacy%20Banner%20-%207.31.2026.jpg"
"/learning/II","Interdisciplinary Instruction","","49009","Interdisciplinary Instruction - Homepage Banner.png","II banner","0","7","at top + full width + named banner","/doe/sites/maine.gov.doe/files/inline-images/Interdisciplinary%20Instruction%20-%20Homepage%20Banner.png"
"/learning/II/ConCEPT/menu/dispositions","A Culture of Dispositions","","51893","Interdisciplinary Instruction - A Culture of Dispositions.jpg","culture of dispositions banner","0","7","at top + full width + named banner","/doe/sites/maine.gov.doe/files/inline-images/Interdisciplinary%20Instruction%20-%20A%20Culture%20of%20Dispositions.jpg"
"/learning/II/ConCEPT/menu/PBLInquiry","Project Based Learning and Inquiry","","51891","Interdisciplinary Instruction - Project Based Learning and Inquiry.jpg","PBL Banner","0","7","at top + full width + named banner","/doe/sites/maine.gov.doe/files/inline-images/Interdisciplinary%20Instruction%20-%20Project%20Based%20Learning%20and%20Inquiry.jpg"
"/learning/II/ConCEPT/questions","Using Student Questions in Instruction","","39237","Interdisciplinary Instruction - using student questions in instructionbanner.png","student raising their hand in class","0","7","at top + full width + named banner","/doe/sites/maine.gov.doe/files/inline-images/Interdisciplinary%20Instruction%20-%20using%20student%20questions%20in%20instructionbanner.png"
"/learning/II/conceptualquestions","Conceptual Questions","","52041","Interdisciplinary Instruction - Conceptual Question Banner.jpg","CQ Banner","0","7","at top + full width + named banner","/doe/sites/maine.gov.doe/files/inline-images/Interdisciplinary%20Instruction%20-%20Conceptual%20Question%20Banner.jpg"
"/learning/II/conceptualunderstandings","Conceptual Understandings","","51979","Interdisciplinary Instruction - Conceptual Understandings Banner.jpg","banner","0","7","at top + full width + named banner","/doe/sites/maine.gov.doe/files/inline-images/Interdisciplinary%20Instruction%20-%20Conceptual%20Understandings%20Banner.jpg"
"/learning/II/contact","Interdisciplinary Instruction Contact","","43991","Contact Us Banner.png","Contact Us Banner","0","7","at top + full width + named banner","/doe/sites/maine.gov.doe/files/inline-images/Contact%20Us%20Banner.png"
"/learning/II/engagement","Continuum of Engagement","","52017","Interdisciplinary Instruction - Continuum of Engagement Banner.jpg","Continuum Banner","0","7","at top + full width + named banner","/doe/sites/maine.gov.doe/files/inline-images/Interdisciplinary%20Instruction%20-%20Continuum%20of%20Engagement%20Banner.jpg"
"/learning/II/foundations","Foundational Skills","","51899","Interdisciplinary Instruction - Foundational Skills Banner.jpg","Foundational Skills Banner","0","7","at top + full width + named banner","/doe/sites/maine.gov.doe/files/inline-images/Interdisciplinary%20Instruction%20-%20Foundational%20Skills%20Banner.jpg"
"/learning/II/getting-started-ii","Getting Started with Interdisciplinary Instruction","","39009","Interdisciplinary Instruction - Professional Learning Getting Started with Interdisciplinary Instruction Banner_0.png","Student and teacher working together","0","7","at top + full width + named banner","/doe/sites/maine.gov.doe/files/inline-images/Interdisciplinary%20Instruction%20-%20Professional%20Learning%20Getting%20Started%20with%20Interdisciplinary%20Instruction%20Banner_0.png"
"/learning/II/inquiry-land","Getting Started with Inquiry","","39025","Interdisciplinary Instruction - Getting Started with Inquiry Banner.png","Children exploring with magnifying glasses","0","7","at top + full width + named banner","/doe/sites/maine.gov.doe/files/inline-images/Interdisciplinary%20Instruction%20-%20Getting%20Started%20with%20Inquiry%20Banner.png"
"/learning/II/inquiry-ml","Inquiry-Based Instruction & Multilingual Learners","","39305","Interdisciplinary Instruction Inquiry based Instructoin and multilingual learners banner_0.png","Children looking at a globe","0","7","at top + full width + named banner","/doe/sites/maine.gov.doe/files/inline-images/Interdisciplinary%20Instruction%20Inquiry%20based%20Instructoin%20and%20multilingual%20learners%20banner_0.png"
"/learning/II/interdisciplinaryprogression","The Interdisciplinary Progression","","43439","Interdisciplinary Instruction - Interdisciplinary Progression - Interdisciplinary Progression Banner - 2.28.2025 .png","Interdisciplinary Progression Banner","0","7","at top + full width + named banner","/doe/sites/maine.gov.doe/files/inline-images/Interdisciplinary%20Instruction%20-%20Interdisciplinary%20Progression%20-%20Interdisciplinary%20Progression%20Banner%20-%202.28.2025%20.png"
"/learning/II/PL","Interdisciplinary Instruction Professional Learning","","49013","Interdisciplinary Instruction - Professional Learning Banner.png","Professional Learning Banner","0","7","at top + full width + named banner","/doe/sites/maine.gov.doe/files/inline-images/Interdisciplinary%20Instruction%20-%20Professional%20Learning%20Banner.png"
"/learning/II/PL/neuroscience/execfunction","Executive Function Skills Supporting Literacy & Numeracy","","52019","Interdisciplinary Instruction - Executive Functioning Skills to Support Literacy and Numeracy Banner_0.jpg","Interdisciplinary Instruction - Executive Functioning Skills to Support Literacy and Numeracy Banner","0","7","at top + full width + named banner","/doe/sites/maine.gov.doe/files/inline-images/Interdisciplinary%20Instruction%20-%20Executive%20Functioning%20Skills%20to%20Support%20Literacy%20and%20Numeracy%20Banner_0.jpg"
"/learning/II/PL/QFTcourse","Question Formulation Technique Course Information","","49641","Interdisciplinary Instruction - Question Formula Technique Course Information Banner.png","Banner","0","7","at top + full width + named banner","/doe/sites/maine.gov.doe/files/inline-images/Interdisciplinary%20Instruction%20-%20Question%20Formula%20Technique%20Course%20Information%20Banner.png"
"/learning/II/steampowered","STEAM Powered Maine","","50413","Interdisciplinary Instruction - STEAM Powered Maine Landing Page Banner.jpg","STEAM PowerED Maine Banner","0","7","at top + full width + named banner","/doe/sites/maine.gov.doe/files/inline-images/Interdisciplinary%20Instruction%20-%20STEAM%20Powered%20Maine%20Landing%20Page%20Banner.jpg"
"/learning/II/student-voice-choice","Voice and Choice","","52015","Interdisciplinary Instruction - Student Voice and Choice Banner.jpg","Student Voice Banner","0","7","at top + full width + named banner","/doe/sites/maine.gov.doe/files/inline-images/Interdisciplinary%20Instruction%20-%20Student%20Voice%20and%20Choice%20Banner.jpg"
"/learning/ii/studentreflection","Student Reflection","","38887","student reflection banner.png","student reflection banner","0","7","at top + full width + named banner","/doe/sites/maine.gov.doe/files/inline-images/student%20reflection%20banner.png"
"/learning/II/transfer","Teaching for Transfer ","","51889","Interdisciplinary Instruction - Teaching for Transfer Banner.jpg","Teaching for Transfer Banner","0","7","at top + full width + named banner","/doe/sites/maine.gov.doe/files/inline-images/Interdisciplinary%20Instruction%20-%20Teaching%20for%20Transfer%20Banner.jpg"
"/learning/mathpathways","Math Pathways","","38803","Math Pathways - Website Banner.png","Math Pathways Website Banner","0","7","at top + full width + named banner","/doe/sites/maine.gov.doe/files/inline-images/Math%20Pathways%20-%20Website%20Banner.png"
"/learning/mathpathways/contact","Math Pathways - Contact","","38745","Math Pathways - Contact Web Banner.png","Math Pathways Contact Banner","0","7","at top + full width + named banner","/doe/sites/maine.gov.doe/files/inline-images/Math%20Pathways%20-%20Contact%20Web%20Banner.png"
"/learning/mathpathways/educators","Math Pathways - Supporting Educators","","36887","Math Pathways - Supporting Educators.png","Math Pathways Supporting Educators Banner","0","7","at top + full width + named banner","/doe/sites/maine.gov.doe/files/inline-images/Math%20Pathways%20-%20Supporting%20Educators.png"
"/learning/mathpathways/implementation","Math Pathways - Implementation","","36873","Math Pathways - Implementation.png","Math Pathways Implementation Banner","0","7","at top + full width + named banner","/doe/sites/maine.gov.doe/files/inline-images/Math%20Pathways%20-%20Implementation.png"
"/learning/mathpathways/studentdecisions","Math Pathways - Supporting Student Decision-Making","","36875","Math Pathways - Student Decisions.png","Math Pathways Student Decisions Banner","0","7","at top + full width + named banner","/doe/sites/maine.gov.doe/files/inline-images/Math%20Pathways%20-%20Student%20Decisions.png"
"/learning/mlrtaskforce","Maine Learning Results Taskforce","","48947","Maine Learning Results Taskforce Website Banner.png","MLR Taskforce Banner","0","7","at top + full width + named banner","/doe/sites/maine.gov.doe/files/inline-images/Maine%20Learning%20Results%20Taskforce%20Website%20Banner.png"
"/learning/multilinguallearner/bilingual","Bilingual Education","","37617","Multilingual Learners - Bilingual Education Website Banner.png","Bilingual Education Website Banner","0","7","at top + full width + named banner","/doe/sites/maine.gov.doe/files/inline-images/Multilingual%20Learners%20-%20Bilingual%20Education%20Website%20Banner.png"
"/learning/multilinguallearner/resources/civilrights","Civil Rights & Lau Plans","","39255","Multilingual Learners - Civil Rights Web Banner.png","Civil Rights Web Banner","0","7","at top + full width + named banner","/doe/sites/maine.gov.doe/files/inline-images/Multilingual%20Learners%20-%20Civil%20Rights%20Web%20Banner.png"
"/learning/multilinguallearner/resources/interpretationtranslation","Interpretation & Translation","","39233","Multilingual Learners - Translation Website Banner.png","Translation Website Banner","0","7","at top + full width + named banner","/doe/sites/maine.gov.doe/files/inline-images/Multilingual%20Learners%20-%20Translation%20Website%20Banner.png"
"/learning/multilinguallearner/resources/MLdisabilities","Multilingual Learners with Disabilities","","39513","Multilingual Learners - Students with Disabilities Banner.png","Multilingual Students with Disabilities Banner","0","7","at top + full width + named banner","https://www.maine.gov/doe/sites/maine.gov.doe/files/inline-images/Multilingual%20Learners%20-%20Students%20with%20Disabilities%20Banner.png"
"/learning/multilinguallearner/resources/newcomersSLIFE","Students with Limited or Interrupted Formal Education (SLIFE)","","39231","Multilingual Learners - SLIFE Website Banner.png","Multilingual Learners - SLIFE Website Banner","0","7","at top + full width + named banner","/doe/sites/maine.gov.doe/files/inline-images/Multilingual%20Learners%20-%20SLIFE%20Website%20Banner.png"
"/learning/multilinguallearner/resources/toolkit","ESOL Programs Toolkit","","39115","Multilingual Learners - Resources Web Banner.png","Multilingual Learners Resources Banner","0","7","at top + full width + named banner","/doe/sites/maine.gov.doe/files/inline-images/Multilingual%20Learners%20-%20Resources%20Web%20Banner.png"
"/learning/specialed/assessment","1% and Maine's Alternate Assessments Based on Alternate Academic Achievement Standards (AA-AAAS)","","40291","Special Services - 1% and Maines Alternative Assessments Web Banner.png","Special Services - 1% and Maines Alternative Assessments Web Banner","0","7","at top + full width + named banner","/doe/sites/maine.gov.doe/files/inline-images/Special%20Services%20-%201%25%20and%20Maines%20Alternative%20Assessments%20Web%20Banner.png"
"/learning/specialed/contact","Special Services Contact","","47473","Contact Us Website Banner.png","Contact Us banner","12","7","at top + full width + named banner","/doe/sites/maine.gov.doe/files/inline-images/Contact%20Us%20Website%20Banner.png"
"/learning/specialed/dueprocess","Effective Dispute Resolution","","37485","Effective Dispute Resolution.png","Effective Dispute Resolution Banner","0","7","at top + full width + named banner","/doe/sites/maine.gov.doe/files/inline-images/Effective%20Dispute%20Resolution.png"
"/learning/specialed/ideapublic","IDEA Data & Public Reporting","","37495","OSSIE - IDEA Data & Public Reporting Website Banner.png","IDEA Data and Public Reporting Banner","0","7","at top + full width + named banner","/doe/sites/maine.gov.doe/files/inline-images/OSSIE%20-%20IDEA%20Data%20%26%20Public%20Reporting%20Website%20Banner.png"
"/learning/specialed/initiatives/dyslexia","Dyslexia & Reading Difficulties","","38403","Special Services - Dyslexia Web Banner.png","Dyslexia Banner","0","7","at top + full width + named banner","/doe/sites/maine.gov.doe/files/inline-images/Special%20Services%20-%20Dyslexia%20Web%20Banner.png"
"/learning/specialed/SAP/info","State Advisory Panel","","37635","OSSIE - State Advisory Panel Website Banner.png","State Advisory Panel Banner","0","7","at top + full width + named banner","/doe/sites/maine.gov.doe/files/inline-images/OSSIE%20-%20State%20Advisory%20Panel%20Website%20Banner.png"
"/learning/specialed/specialpurposeprivateschools","Supervision, Monitoring, & Support - Special Purpose Private Schools","","37403","OSSIE - Supervision SPPS Website Banner.png","SPPS Banner","0","7","at top + full width + named banner","/doe/sites/maine.gov.doe/files/inline-images/OSSIE%20-%20Supervision%20SPPS%20Website%20Banner.png"
"/learning/specialed/supervision","Supervision, Monitoring, and Support - SAUs","","37351","OSSIE - Supervision SAU Web Banner.png","Office of Special Services &amp; Inclusive Education","0","7","at top + full width + named banner","/doe/sites/maine.gov.doe/files/inline-images/OSSIE%20-%20Supervision%20SAU%20Web%20Banner.png"
"/learning/specialed/supervision/monitoring","Supervision, Monitoring, & Support","","37447","OSSIE - Supervision Team Banner.png","Supervision Team Banner","0","7","at top + full width + named banner","/doe/sites/maine.gov.doe/files/inline-images/OSSIE%20-%20Supervision%20Team%20Banner.png"
"/learning/specialed/supervision/process","Supervision, Monitoring, and Support - Monitoring Process","","38381","Special Services - Supervision - Monitoring Process Web Banner.png","Monitoring Process Web Banner","0","7","at top + full width + named banner","/doe/sites/maine.gov.doe/files/inline-images/Special%20Services%20-%20Supervision%20-%20Monitoring%20Process%20Web%20Banner.png"
"/learning/specialed/transition","Transition","","29607","Banner 1 Primary.png","TransitionMaine with Moose Logo - Please click here to return to homepage","8","7","at top + full width + named banner","/doe/sites/maine.gov.doe/files/inline-images/Banner%201%20Primary.png"
"/learning/specialed/transition/caregiver","Transition - Caregiver","","29607","Banner 1 Primary.png","TransitionMaine with Moose Logo - Please click here to return to homepage","8","7","at top + full width + named banner","/doe/sites/maine.gov.doe/files/inline-images/Banner%201%20Primary.png"
"/learning/specialed/transition/communitypartner","Transition - Community Partner","","29607","Banner 1 Primary.png","TransitionMaine with Moose Logo - Please click here to return to homepage","8","7","at top + full width + named banner","/doe/sites/maine.gov.doe/files/inline-images/Banner%201%20Primary.png"
"/learning/specialed/transition/educator","Transition - Educator","","29607","Banner 1 Primary.png","TransitionMaine with Moose Logo - Please click here to return to homepage","8","7","at top + full width + named banner","/doe/sites/maine.gov.doe/files/inline-images/Banner%201%20Primary.png"
"/learning/specialed/transition/educator/resources","Transition - Educator Resources","","27762","Banner 2.PNG","TransitionME","0","7","at top + full width + named banner","/doe/sites/maine.gov.doe/files/inline-images/Banner%202.PNG"
"/learning/specialed/transition/employer","Transition - Employer","","29607","Banner 1 Primary.png","TransitionMaine with Moose Logo - Please click here to return to homepage","8","7","at top + full width + named banner","/doe/sites/maine.gov.doe/files/inline-images/Banner%201%20Primary.png"
"/learning/specialed/transition/youngperson/career","Transition - Explore Career Opportunities","","29607","Banner 1 Primary.png","TransitionMaine with Moose Logo - Please click here to return to homepage","8","7","at top + full width + named banner","/doe/sites/maine.gov.doe/files/inline-images/Banner%201%20Primary.png"
"/learning/specialed/transition/youngperson/continue","Transition - Continue Education","","29607","Banner 1 Primary.png","TransitionMaine with Moose Logo - Please click here to return to homepage","8","7","at top + full width + named banner","/doe/sites/maine.gov.doe/files/inline-images/Banner%201%20Primary.png"
"/learning/specialed/transition/youngperson/idontknow","Transition - Don't Know Yet","","29607","Banner 1 Primary.png","TransitionMaine with Moose Logo - Please click here to return to homepage","8","7","at top + full width + named banner","/doe/sites/maine.gov.doe/files/inline-images/Banner%201%20Primary.png"
"/learning/standards/mathematics","Mathematics Standards","","40399","Standards & Instruction - Math Standards - Web Banner.png","Math Standards Web Banner","0","7","at top + full width + named banner","/doe/sites/maine.gov.doe/files/inline-images/Standards%20%26%20Instruction%20-%20Math%20Standards%20-%20Web%20Banner.png"
"/learning/technology","Technology & Learning","","40321","Teaching & Learning - Learning & Technology - Homepage Banner.png","Technology &amp; Learning Banner","0","7","at top + full width + named banner","/doe/sites/maine.gov.doe/files/inline-images/Teaching%20%26%20Learning%20-%20Learning%20%26%20Technology%20-%20Homepage%20Banner.png"
"/learning/technology/contact","Learning Through Technology Contact Us","","47473","Contact Us Website Banner.png","Contact Us","12","7","at top + full width + named banner","/doe/sites/maine.gov.doe/files/inline-images/Contact%20Us%20Website%20Banner.png"
"/learning/technology/cyberdraft","Cybersecurity & Infrastructure","","44987","Technology & Learning - Cybersecurity & Infrastructure Banner.png","Cybersecurity Banner","1","7","at top + full width + named banner","/doe/sites/maine.gov.doe/files/inline-images/Technology%20%26%20Learning%20-%20Cybersecurity%20%26%20Infrastructure%20Banner.png"
"/learning/technology/guidance","Technology Guidance for Maine SAUs","","44431","Technology & Learning - Guidance for Maine SAUs.png","Banner","0","7","at top + full width + named banner","/doe/sites/maine.gov.doe/files/inline-images/Technology%20%26%20Learning%20-%20Guidance%20for%20Maine%20SAUs.png"
"/learning/technology/infrastructure","Cybersecurity & Infrastructure Support","","44987","Technology & Learning - Cybersecurity & Infrastructure Banner.png","Cybersecurity Banner","1","7","at top + full width + named banner","/doe/sites/maine.gov.doe/files/inline-images/Technology%20%26%20Learning%20-%20Cybersecurity%20%26%20Infrastructure%20Banner.png"
"/learning/technology/maplebytes","Technology & Learning: Maple Bytes","","49459","Technology & Learning - Maple Bytes Banner.png","Maple Bytes Banner","0","7","at top + full width + named banner","/doe/sites/maine.gov.doe/files/inline-images/Technology%20%26%20Learning%20-%20Maple%20Bytes%20Banner.png"
"/learning/technology/professionallearning","Technology & Learning - Professional Learning","","40331","Teaching & Learning - Technology & Learning - Professional Learning Web Banner.png","Technology &amp; Learning - Professional Learning Web Banner","0","7","at top + full width + named banner","/doe/sites/maine.gov.doe/files/inline-images/Teaching%20%26%20Learning%20-%20Technology%20%26%20Learning%20-%20Professional%20Learning%20Web%20Banner.png"
"/learning/technology/studentleadership","Student Leadership","","40325","Teaching & Learning - Technology & Learning - Student Leadership Web Banner.png","Student Leadership Web Banner","0","7","at top + full width + named banner","/doe/sites/maine.gov.doe/files/inline-images/Teaching%20%26%20Learning%20-%20Technology%20%26%20Learning%20-%20Student%20Leadership%20Web%20Banner.png"
"/literacy","Literacy Hub","","41215","Literacy Hub - Web Banner.png","Literacy Hub Banner","0","7","at top + full width + named banner","/doe/sites/maine.gov.doe/files/inline-images/Literacy%20Hub%20-%20Web%20Banner.png"
"/literacy/literacyforme","Literacy for ME","","38205","Literacy for ME - Website Banner_0.png","Literacy for ME Banner","0","7","at top + full width + named banner","/doe/sites/maine.gov.doe/files/inline-images/Literacy%20for%20ME%20-%20Website%20Banner_0.png"
"/literacy/modules","Literacy Learning Modules","","47427","Literacy Learning Modules Banner.png","learning banner","0","7","at top + full width + named banner","/doe/sites/maine.gov.doe/files/inline-images/Literacy%20Learning%20Modules%20Banner.png"
"/literacy/readtome","Read to ME","","33789","Read to ME Challenge Banner.png","Read to ME Banner","0","7","at top + full width + named banner","/doe/sites/maine.gov.doe/files/inline-images/Read%20to%20ME%20Challenge%20Banner.png"
"/meac","Maine Engagement and Attendance Center","","44959","Maine Engagement Attendance Center Banner.png","Maine Engagement and Attendance Center Banner","0","7","at top + full width + named banner","/doe/sites/maine.gov.doe/files/inline-images/Maine%20Engagement%20Attendance%20Center%20Banner.png"
"/measurewhatmatters","Measure What Matters: The Expanding View of Educational Excellence in Maine ","","42477","Measure What Matters Banner.png","Measure What Matters Banner","0","7","at top + full width + named banner","/doe/sites/maine.gov.doe/files/inline-images/Measure%20What%20Matters%20Banner.png"
"/moose/lp/african-diaspora","MOOSE African Diaspora in Maine Learning Progression","","51033","MOOSE - African Diaspora Banner.png","MOOSE Learning Progression banner","0","7","at top + full width + named banner","/doe/sites/maine.gov.doe/files/inline-images/MOOSE%20-%20African%20Diaspora%20Banner.png"
"/moose/lp/applied-ethics","MOOSE Applied Ethics Learning Progression","","51071","MOOSE - Learning Progression Applied Ethics Banner.png","learning banner","0","7","at top + full width + named banner","/doe/sites/maine.gov.doe/files/inline-images/MOOSE%20-%20Learning%20Progression%20Applied%20Ethics%20Banner.png"
"/moose/lp/career","MOOSE Career Readiness Learning Progression","","51081","MOOSE - Learning Progression Career-Readiness Banner.png","learning banner","0","7","at top + full width + named banner","/doe/sites/maine.gov.doe/files/inline-images/MOOSE%20-%20Learning%20Progression%20Career-Readiness%20Banner.png"
"/moose/lp/climate","MOOSE Climate Learning Progression","","51083","MOOSE - Learning Progression Climate Learning Banner.png","learning banner","0","7","at top + full width + named banner","/doe/sites/maine.gov.doe/files/inline-images/MOOSE%20-%20Learning%20Progression%20Climate%20Learning%20Banner.png"
"/moose/lp/computer-science","MOOSE Computer Science Learning Progression","","51085","MOOSE - Learning Progression Computer Science Banner.png","learning banner","0","7","at top + full width + named banner","/doe/sites/maine.gov.doe/files/inline-images/MOOSE%20-%20Learning%20Progression%20Computer%20Science%20Banner.png"
"/moose/lp/cyber-security","MOOSE Cyber Security Learning Progression","","51075","MOOSE - Learning Progression Cyber Security Banner.png","Cyber Security learning progression banner","0","7","at top + full width + named banner","/doe/sites/maine.gov.doe/files/inline-images/MOOSE%20-%20Learning%20Progression%20Cyber%20Security%20Banner.png"
"/moose/lp/data-science","MOOSE Data Science Learning Progression","","51077","MOOSE - Learning Progression Data Science Banner.png","Data Science learning progression banner","0","7","at top + full width + named banner","/doe/sites/maine.gov.doe/files/inline-images/MOOSE%20-%20Learning%20Progression%20Data%20Science%20Banner.png"
"/moose/lp/numeracy","MOOSE Numeracy Progression","","51089","MOOSE - Learning Progression Numeracy Banner.png","MOOSE Learning Progression banner","0","7","at top + full width + named banner","/doe/sites/maine.gov.doe/files/inline-images/MOOSE%20-%20Learning%20Progression%20Numeracy%20Banner.png"
"/moose/lp/steam","MOOSE STEAM Learning Progression","","51087","MOOSE - Learning Progression STEAM Banner.png","MOOSE Learning Progression banner","0","7","at top + full width + named banner","/doe/sites/maine.gov.doe/files/inline-images/MOOSE%20-%20Learning%20Progression%20STEAM%20Banner.png"
"/moose/lp/wabanaki","MOOSE Wabanaki Studies Learning Progression","","51037","MOOSE - Wabanaki Studies Banner.png","learning banner","0","7","at top + full width + named banner","/doe/sites/maine.gov.doe/files/inline-images/MOOSE%20-%20Wabanaki%20Studies%20Banner.png"
"/numeracy","Numeracy Hub","","46953","Numeracy - Homepage Hub Banner.png","banner","0","7","at top + full width + named banner","/doe/sites/maine.gov.doe/files/inline-images/Numeracy%20-%20Homepage%20Hub%20Banner.png"
"/offices","Maine Department of Education Offices","","52241","MDOE Office Banner (1).png","Offices Banner","0","7","at top + full width + named banner","/doe/sites/maine.gov.doe/files/inline-images/MDOE%20Office%20Banner%20%281%29.png"
"/pathways","Office of Workforce Development & Innovative Pathways","","31053","WDIP Banner_0.png","WDIP Banner","1","7","at top + full width + named banner","/doe/sites/maine.gov.doe/files/inline-images/WDIP%20Banner_0.png"
"/pathways/educationpathways","Education Pathways & Early College","","45331","Education Pathways - Home Banner.png","Education Pathways Banner","0","7","at top + full width + named banner","/doe/sites/maine.gov.doe/files/inline-images/Education%20Pathways%20-%20Home%20Banner.png"
"/pathways/resources","Workforce Development & Innovative Pathways","","31053","WDIP Banner_0.png","WDIPPrograms Banner","1","7","at top + full width + named banner","/doe/sites/maine.gov.doe/files/inline-images/WDIP%20Banner_0.png"
"/rrev/awardedpilots","RREV Awardee Schools","","38389","RREV - Awarded Pilots Web Banner.png","RREV Awarded Pilots Web Banner","0","7","at top + full width + named banner","/doe/sites/maine.gov.doe/files/inline-images/RREV%20-%20Awarded%20Pilots%20Web%20Banner.png"
"/safety","Maine School Safety Center Services","","46463","School Safety - Homepage Banner.png","Banner","0","7","at top + full width + named banner","/doe/sites/maine.gov.doe/files/inline-images/School%20Safety%20-%20Homepage%20Banner.png"
"/safety/contact","Maine School Safety Center Contact","","47473","Contact Us Website Banner.png","Contact Us banner","12","7","at top + full width + named banner","/doe/sites/maine.gov.doe/files/inline-images/Contact%20Us%20Website%20Banner.png"
"/safety/initiative","MSSC Maine Safe Schools Initiative","","46469","School Safety - Maine Safe Schools Initiative Banner.png","Safe schools banner","0","7","at top + full width + named banner","/doe/sites/maine.gov.doe/files/inline-images/School%20Safety%20-%20Maine%20Safe%20Schools%20Initiative%20Banner.png"
"/safety/restorative/resourcecenter","Culture of Care Resource Center","","53281","School Safety - Culture of Care Banner - 6.10.2026.png","Culture of Care Banner","0","7","at top + full width + named banner","/doe/sites/maine.gov.doe/files/inline-images/School%20Safety%20-%20Culture%20of%20Care%20Banner%20-%206.10.2026.png"
"/safety/schoolsafetyspecialist","School Safety Specialist Program","","46467","School Safety - School Safety Specialist Program Banner.png","Safety Specialist Banner","0","7","at top + full width + named banner","/doe/sites/maine.gov.doe/files/inline-images/School%20Safety%20-%20School%20Safety%20Specialist%20Program%20Banner.png"
"/schools/enrollment/resources","Enrollment Resources","","46717","School Enrollment - Resources Banner.png","Resources Banner","0","7","at top + full width + named banner","/doe/sites/maine.gov.doe/files/inline-images/School%20Enrollment%20-%20Resources%20Banner.png"
"/schools/eut/contact","Education in the Unorganized Territory Contact","","47473","Contact Us Website Banner.png","Contact Us banner","12","7","at top + full width + named banner","/doe/sites/maine.gov.doe/files/inline-images/Contact%20Us%20Website%20Banner.png"
"/schools/eut/forms","Education in the Unorganized Territory Forms","","42227","Unorganized Territory - Forms Banner.png","Unorganized Territory Forms Banner","0","7","at top + full width + named banner","/doe/sites/maine.gov.doe/files/inline-images/Unorganized%20Territory%20-%20Forms%20Banner.png"
"/schools/eut/polices/employees","EUT Policies for Teachers and Staff","","42173","Unorganized Territory - Policies for Schools Banner.png","Unorganized Territory Policies for Schools Banner","0","7","at top + full width + named banner","/doe/sites/maine.gov.doe/files/inline-images/Unorganized%20Territory%20-%20Policies%20for%20Schools%20Banner.png"
"/schools/eut/policies/families","EUT Policies for Parents and Students","","42161","Unorganized Territory - Policies for Parents & Students Banner.png","Unorganized Territory Policies for Parents Banner","0","7","at top + full width + named banner","/doe/sites/maine.gov.doe/files/inline-images/Unorganized%20Territory%20-%20Policies%20for%20Parents%20%26%20Students%20Banner.png"
"/schools/eut/schools","Education in the Unorganized Territory Schools","","42229","Unorganized Territory - Schools Banner.png","Unorganized Territory - Schools Banner","0","7","at top + full width + named banner","/doe/sites/maine.gov.doe/files/inline-images/Unorganized%20Territory%20-%20Schools%20Banner.png"
"/schools/facilities/commission-on-school-construction","Governor’s Commission on School Construction","","39361","School Facilities - Governors Commission on School Construction Web Banner.png","Governors Commission Web Banner","0","7","at top + full width + named banner","/doe/sites/maine.gov.doe/files/inline-images/School%20Facilities%20-%20Governors%20Commission%20on%20School%20Construction%20Web%20Banner.png"
"/schools/facilities/contact","School Facilities Contact","","47473","Contact Us Website Banner.png","Contact Us banner","12","7","at top + full width + named banner","/doe/sites/maine.gov.doe/files/inline-images/Contact%20Us%20Website%20Banner.png"
"/schools/nutrition","Child Nutrition","","52159","School Health - CN (5).png","Child Nutrition Banner","0","7","at top + full width + named banner","/doe/sites/maine.gov.doe/files/inline-images/School%20Health%20-%20CN%20%285%29.png"
"/schools/nutrition/contact","Contact Us","","47473","Contact Us Website Banner.png","Contact Us banner","12","7","at top + full width + named banner","/doe/sites/maine.gov.doe/files/inline-images/Contact%20Us%20Website%20Banner.png"
"/schools/nutrition/financial","Financial Information","","37639","Child Nutrition - Financial information.png","Child Nutrition Financial Information Banner","0","7","at top + full width + named banner","/doe/sites/maine.gov.doe/files/inline-images/Child%20Nutrition%20-%20Financial%20information.png"
"/schools/nutrition/programs/afterschool","Afterschool Snack Service","","33657","Afterschool snack-1_0.png","Afterschool Snack Banner","0","7","at top + full width + named banner","/doe/sites/maine.gov.doe/files/inline-images/Afterschool%20snack-1_0.png"
"/schools/nutrition/programs/cacfplanding","Child and Adult Care Food Program (CACFP)","","33659","CACFP.png","CACFP Banner","0","7","at top + full width + named banner","/doe/sites/maine.gov.doe/files/inline-images/CACFP.png"
"/schools/nutrition/programs/culinary","Culinary Classroom","","52165","Culinary Classroom (1).png","Culinary Classroom Banner","0","7","at top + full width + named banner","/doe/sites/maine.gov.doe/files/inline-images/Culinary%20Classroom%20%281%29.png"
"/schools/nutrition/programs/harvestofthemonth/pledges","Harvest of the Month Pledges","","34001","Harvest pledge.png","Banner","0","7","at top + full width + named banner","/doe/sites/maine.gov.doe/files/inline-images/Harvest%20pledge.png"
"/schools/nutrition/ThursdayUpdate","Child Nutrition Thursday Update","","47405","Child Nutrition - Thursday Update Banner.png","Thursday Update Banner","0","7","at top + full width + named banner","/doe/sites/maine.gov.doe/files/inline-images/Child%20Nutrition%20-%20Thursday%20Update%20Banner.png"
"/schools/safeschools/counseling/highmobility/homelessed","McKinney-Vento Education in Maine","","51101","McKinney-Vento Website Banner.png","McKinney Vento Banner","0","7","at top + full width + named banner","/doe/sites/maine.gov.doe/files/inline-images/McKinney-Vento%20Website%20Banner.png"
"/schools/safeschools/fostercare","Title I, Part A - Students in Foster Care","","53075","Student Supports - Students in Foster Care Banner.png","Students in Foster Care Banner","0","7","at top + full width + named banner","/doe/sites/maine.gov.doe/files/inline-images/Student%20Supports%20-%20Students%20in%20Foster%20Care%20Banner.png"
"/schools/safeschools/healthed/nurseresources/guidelines","School Health Service","","35485","School Health - Service Banner.png","School Health Service Banner","0","7","at top + full width + named banner","/doe/sites/maine.gov.doe/files/inline-images/School%20Health%20-%20Service%20Banner.png"
"/schools/safeschools/healthed/nurseresources/manual/chronic","Guidelines for School Health Services: Chronic Conditions Management","","39119","School Health - Chronic Conditions Web Banner.png","School Health - Chronic Conditions Web Banner","0","7","at top + full width + named banner","/doe/sites/maine.gov.doe/files/inline-images/School%20Health%20-%20Chronic%20Conditions%20Web%20Banner.png"
"/schools/safeschools/healthed/nurseresources/manual/immunization","Immunizations","","39125","School Health - Immunizations Web Banner.png","School Health Immunizations Web Banner","0","7","at top + full width + named banner","/doe/sites/maine.gov.doe/files/inline-images/School%20Health%20-%20Immunizations%20Web%20Banner.png"
"/schools/safeschools/healthed/nurseresources/manual/oversight","Delegation, Coordination & Oversight","","39051","School Health - Delegation Web Banner.png","Delegation Web Banner","0","7","at top + full width + named banner","/doe/sites/maine.gov.doe/files/inline-images/School%20Health%20-%20Delegation%20Web%20Banner.png"
"/schools/safeschools/healthed/nurseresources/medication","Medication Administration","","39037","School Health - Medication Administration Web Banner.png","Medication Administration Web Banner","0","7","at top + full width + named banner","/doe/sites/maine.gov.doe/files/inline-images/School%20Health%20-%20Medication%20Administration%20Web%20Banner.png"
"/schools/safeschools/healthed/records","Records & Reports","","31254","School Health - Records.jpg","School Health Records banner","0","7","at top + full width + named banner","/doe/sites/maine.gov.doe/files/inline-images/School%20Health%20-%20Records.jpg"
"/schools/schoolops/enrollment","School Enrollment, Attendance and Eligibility","","51649","Enrollment - Landing Page Banner.png","Enrollment Banner","0","7","at top + full width + named banner","/doe/sites/maine.gov.doe/files/inline-images/Enrollment%20-%20Landing%20Page%20Banner.png"
"/schools/schoolops/homeinstruction","Home Instruction","","51651","Enrollment - Home Instruction Banner .png","Home Instruction Banner","0","7","at top + full width + named banner","/doe/sites/maine.gov.doe/files/inline-images/Enrollment%20-%20Home%20Instruction%20Banner%20.png"
"/schools/structure","Structure & Governance","","51425","Structure & Governance - Landing Page Banner.png","Structure and Governance Banner","0","7","at top + full width + named banner","/doe/sites/maine.gov.doe/files/inline-images/Structure%20%26%20Governance%20-%20Landing%20Page%20Banner.png"
"/schools/transportation","Transportation","","52281","transportation (1).png","Transportation Banner","0","7","at top + full width + named banner","/doe/sites/maine.gov.doe/files/inline-images/transportation%20%281%29.png"
"/schools/transportation/commission","Maine School Transportation Safety Commission","","51213","Maine School Transportation Safety Commission Banner.png","Maine School Transportation Safety Commission Banner","0","7","at top + full width + named banner","/doe/sites/maine.gov.doe/files/inline-images/Maine%20School%20Transportation%20Safety%20Commission%20Banner.png"
"/schools/transportation/resources","Transportation Resources","","38933","Transportation - Resources Website Banner.png","Transportation Resources Website Banner","0","7","at top + full width + named banner","/doe/sites/maine.gov.doe/files/inline-images/Transportation%20-%20Resources%20Website%20Banner.png"
"/schoolsafety","Maine School Safety Center","","46465","School Safety - Office Banner.png","School Safety Officer Banner","0","7","at top + full width + named banner","/doe/sites/maine.gov.doe/files/inline-images/School%20Safety%20-%20Office%20Banner.png"
"/schoolsupports","Office of School & Student Supports","","31040","O3S Banner.png","O3S Banner","0","7","at top + full width + named banner","/doe/sites/maine.gov.doe/files/inline-images/O3S%20Banner.png"
"/schoolsupports/climate","Climate, Culture, & Resilience","","52161","CCR (1).png","Climate Culture Resilience Team Banner","0","7","at top + full width + named banner","/doe/sites/maine.gov.doe/files/inline-images/CCR%20%281%29.png"
"/schoolsupports/climate/alternativeeducation","Alternative Education","","51383","Student Supports - Alternative Education Banner - 3.5.2026.png","Banner","0","7","at top + full width + named banner","/doe/sites/maine.gov.doe/files/inline-images/Student%20Supports%20-%20Alternative%20Education%20Banner%20-%203.5.2026.png"
"/schoolsupports/climate/familyengagement","Family Engagement and Cultural Responsiveness ","","35607","O3S - Cultural Responsiveness.png","Cultural Responsiveness Banner","0","7","at top + full width + named banner","/doe/sites/maine.gov.doe/files/inline-images/O3S%20-%20Cultural%20Responsiveness.png"
"/schoolsupports/communityschools","Community Schools","","31174","Community.png","Community Schools Banner","2","7","at top + full width + named banner","/doe/sites/maine.gov.doe/files/inline-images/Community.png"
"/schoolsupports/communityschools/info","Community Schools Information","","31174","Community.png","Community Schools Banner","2","7","at top + full width + named banner","/doe/sites/maine.gov.doe/files/inline-images/Community.png"
"/schoolsupports/highmobility/titleIpartC","Title I, Part C - Highly Mobile Students","","51933","Highly Mobile Students - Title I Part C Landing Page Banner.png","Banner","0","7","at top + full width + named banner","/doe/sites/maine.gov.doe/files/inline-images/Highly%20Mobile%20Students%20-%20Title%20I%20Part%20C%20Landing%20Page%20Banner.png"
"/schoolsupports/highmobility/titleIpartC/resources","Title I, Part C - Highly Mobile Students Resources","","51937","Highly Mobile Students - Title I Part C Resources Banner.png","resources banner","0","7","at top + full width + named banner","/doe/sites/maine.gov.doe/files/inline-images/Highly%20Mobile%20Students%20-%20Title%20I%20Part%20C%20Resources%20Banner.png"
"/schoolsupports/highmobility/titleIpartC/services","Title I, Part C - Highly Mobile Students Services","","51935","Highly Mobile Students - Title I Part C Services Banner.png","Services Banner","0","7","at top + full width + named banner","/doe/sites/maine.gov.doe/files/inline-images/Highly%20Mobile%20Students%20-%20Title%20I%20Part%20C%20Services%20Banner.png"
"/schoolsupports/schoolhealth","Coordinated School Health","","35486","School Health - CSH Home.png","Coordinated School Health Banner","0","7","at top + full width + named banner","/doe/sites/maine.gov.doe/files/inline-images/School%20Health%20-%20CSH%20Home.png"
"/schoolsupports/schoolhealth/contact","Coordinated School Health Contact","","47473","Contact Us Website Banner.png","Contact Us banner","12","7","at top + full width + named banner","/doe/sites/maine.gov.doe/files/inline-images/Contact%20Us%20Website%20Banner.png"
"/schoolsupports/schoolhealth/guidelines/emergencycare","Emergency Care","","39035","School Health - Emergency Care Web Banner.png","Emergency Care Web Banner","0","7","at top + full width + named banner","/doe/sites/maine.gov.doe/files/inline-images/School%20Health%20-%20Emergency%20Care%20Web%20Banner.png"
"/schoolsupports/schoolhealth/mentalhealth","Mental Health & Substance Use Prevention","","39045","School Health - Mental Health Web Banner.png","Mental Health Web Banner","0","7","at top + full width + named banner","/doe/sites/maine.gov.doe/files/inline-images/School%20Health%20-%20Mental%20Health%20Web%20Banner.png"
"/schoolsupports/schoolhealth/sampleforms","School Health Sample Forms","","35484","School Health - Service.png","School Health Sample Forms Banner","0","7","at top + full width + named banner","/doe/sites/maine.gov.doe/files/inline-images/School%20Health%20-%20Service.png"
"/schoolsupports/schoolhealth/service/acutecare","Communicable Disease","","39033","School Health - Communicable Diseases Management Web Banner.png","Communicable Diseases Management Banner","0","7","at top + full width + named banner","/doe/sites/maine.gov.doe/files/inline-images/School%20Health%20-%20Communicable%20Diseases%20Management%20Web%20Banner.png"
"/schoolsupports/schoolhealth/service/dental","Guidelines for School Health Services: Oral Health","","39117","School Health - Oral Health Web Banner.png","School Health - Oral Health Web Banner","0","7","at top + full width + named banner","/doe/sites/maine.gov.doe/files/inline-images/School%20Health%20-%20Oral%20Health%20Web%20Banner.png"
"/schoolsupports/schoolhealth/wellness","Employee Health Promotion & Wellness","","34574","Employee Health Banner.png","Employee Health Banner","0","7","at top + full width + named banner","/doe/sites/maine.gov.doe/files/inline-images/Employee%20Health%20Banner.png"
"/specialservices","Office of Special Services & Inclusive Education","","31054","OSSIE Banner .png","OSSIE Banner","0","7","at top + full width + named banner","/doe/sites/maine.gov.doe/files/inline-images/OSSIE%20Banner%20.png"
"/specialservices/EarlyChildhoodSpecialEducation/FAPE","Free Appropriate Public Education (FAPE) in Early Childhood Special Education","","38463","Special Services - FAPE Web Banner.png","FAPE in Early Childhood Special Education Banner","0","7","at top + full width + named banner","/doe/sites/maine.gov.doe/files/inline-images/Special%20Services%20-%20FAPE%20Web%20Banner.png"
"/specialservices/math4me","Math4ME","","52249","OSSIE - Math4ME (3).png","Math4ME Banner","0","7","at top + full width + named banner","/doe/sites/maine.gov.doe/files/inline-images/OSSIE%20-%20Math4ME%20%283%29.png"
"/specialservices/resources","Resources for Families & Schools","","38185","OSSIE - Resources for Schools & Families .png","OSSIE Resources Banner","0","7","at top + full width + named banner","/doe/sites/maine.gov.doe/files/inline-images/OSSIE%20-%20Resources%20for%20Schools%20%26%20Families%20.png"
"/specialservices/seeds","Special Educator Engagement, Development & Support (SEEDS) ","","38131","OSSIE - SEEDS.png","SEEDS Website Banner","0","7","at top + full width + named banner","/doe/sites/maine.gov.doe/files/inline-images/OSSIE%20-%20SEEDS.png"
"/specialservices/specialprojects","Special Projects for Inclusion","","38117","OSSIE - Special Projects Website Banner.png","Special Projects Web Banner","0","7","at top + full width + named banner","/doe/sites/maine.gov.doe/files/inline-images/OSSIE%20-%20Special%20Projects%20Website%20Banner.png"
"/standards/ela/resources","English Language Arts/Literacy Standards Review 2020 Resources","","43967","Standards Review & Instruction - English Language Arts 2020 Resources.png","Resources Banner","0","7","at top + full width + named banner","/doe/sites/maine.gov.doe/files/inline-images/Standards%20Review%20%26%20Instruction%20-%20English%20Language%20Arts%202020%20Resources.png"
"/steam","STEAM Hub","","46949","STEAM - Home Banner.png","Home banner","0","7","at top + full width + named banner","/doe/sites/maine.gov.doe/files/inline-images/STEAM%20-%20Home%20Banner.png"
"/teachingandlearning","Office of Teaching & Learning","","52265","Teaching & Learning (1).png","Teaching and Learning Banner","0","7","at top + full width + named banner","/doe/sites/maine.gov.doe/files/inline-images/Teaching%20%26%20Learning%20%281%29.png"
"/teachingandlearning/engagementseries","EngageMEnt: Cultivating Innovative Teaching & Learning","","46425","Teaching & Learning - EngageMEnt Home Banner.png","EngageMEnt Banner","0","7","at top + full width + named banner","/doe/sites/maine.gov.doe/files/inline-images/Teaching%20%26%20Learning%20-%20EngageMEnt%20Home%20Banner.png"
"/teachingandlearning/resources","The Office of Teaching & Learning Resources","","52265","Teaching & Learning (1).png","Teaching &amp; Learning Programs Banner","0","7","at top + full width + named banner","https://www.maine.gov/doe/sites/maine.gov.doe/files/inline-images/Teaching%20%26%20Learning%20%281%29.png"
"/Testing_Accountability/MECAS","Maine Comprehensive Assessment System (MECAS)","","33833","Assessment - MECAS.png","MECAS Banner","0","7","at top + full width + named banner","/doe/sites/maine.gov.doe/files/inline-images/Assessment%20-%20MECAS.png"
"/Testing_Accountability/MECAS/calendar","Maine Assessment Calendar","","46681","Assessment - MECAS Assessment Calendar Banner.png","Assessment Calendar Banner","0","7","at top + full width + named banner","/doe/sites/maine.gov.doe/files/inline-images/Assessment%20-%20MECAS%20Assessment%20Calendar%20Banner.png"
"/Testing_Accountability/MECAS/ela_math_materials/msaa","Multi-State Alternate Assessment (MSAA)","","46685","Assessment - Multistate Alternate Assessment Banner.png","MSAA Banner","0","7","at top + full width + named banner","/doe/sites/maine.gov.doe/files/inline-images/Assessment%20-%20Multistate%20Alternate%20Assessment%20Banner.png"
"/Testing_Accountability/MECAS/materials/access","English Language Proficiency Assessments","","47495","Assessment - English Language Proficiency for Multilingual Learners Banner.png","English Proficiency Banner","0","7","at top + full width + named banner","/doe/sites/maine.gov.doe/files/inline-images/Assessment%20-%20English%20Language%20Proficiency%20for%20Multilingual%20Learners%20Banner.png"
"/Testing_Accountability/MECAS/materials/meascience","Science Assessment","","46675","Assessment - MECAS Science Assessment Landing Page Banner.png","MECAS Science Banner","0","7","at top + full width + named banner","/doe/sites/maine.gov.doe/files/inline-images/Assessment%20-%20MECAS%20Science%20Assessment%20Landing%20Page%20Banner.png"
"/Testing_Accountability/MECAS/math_ELA_Literacy","Math & ELA/Literacy","","53741","Assessment - MECAS Math & Literacy Assessment Banner.png","MECAS banner","0","7","at top + full width + named banner","/doe/sites/maine.gov.doe/files/inline-images/Assessment%20-%20MECAS%20Math%20%26%20Literacy%20Assessment%20Banner.png"
"/Testing_Accountability/MECAS/NWEA","Maine Through Year Assessment: Math & Reading","","51911","Assessment - Maine Through Year Math and Reading Banner.png","Math and Reading Banner","0","7","at top + full width + named banner","/doe/sites/maine.gov.doe/files/inline-images/Assessment%20-%20Maine%20Through%20Year%20Math%20and%20Reading%20Banner.png"
"/Testing_Accountability/MECAS/sciencematerials/msaa","MSAA Science","","46687","Assessment - Multistate Alternate Assessment Science Banner.png","MSAA Science Banner","0","7","at top + full width + named banner","/doe/sites/maine.gov.doe/files/inline-images/Assessment%20-%20Multistate%20Alternate%20Assessment%20Science%20Banner.png"
"/Testing_Accountability/model","Maine's Model of School Support","","44351","Model of Support - Home Banner.png","Banner","0","7","at top + full width + named banner","/doe/sites/maine.gov.doe/files/inline-images/Model%20of%20Support%20-%20Home%20Banner.png"
"/testing_accountability/model/schoolsupports","Tiers of Support","","44355","Model of Support - Tiers of Support Banner.png","Banner","0","7","at top + full width + named banner","/doe/sites/maine.gov.doe/files/inline-images/Model%20of%20Support%20-%20Tiers%20of%20Support%20Banner.png"
"/webinarlibrary","Professional Learning Webinar Library","","39515","Professional Webinar Library Web Banner.png","Professional Webinar Library Web Banner","0","7","at top + full width + named banner","/doe/sites/maine.gov.doe/files/inline-images/Professional%20Webinar%20Library%20Web%20Banner.png"
"/about/contact","Maine Department of Education","","50781","About - Directory Banner.png","Banner","0","6","near top + full width + named banner","/doe/sites/maine.gov.doe/files/inline-images/About%20-%20Directory%20Banner.png"
"/about/partnerships/global","Global Partners Network","","44469","Partnerships - Global Partner Network - China.png","China Banner","0","6","near top + full width + named banner","/doe/sites/maine.gov.doe/files/inline-images/Partnerships%20-%20Global%20Partner%20Network%20-%20China.png"
"/annualsummit","Maine Department of Education Annual Summit","","51967","2026 Annual Summit - ElevatED Bizaboo Header - 4.2.2026.png","header","0","6","at top + full width + named header","/doe/sites/maine.gov.doe/files/inline-images/2026%20Annual%20Summit%20-%20ElevatED%20Bizaboo%20Header%20-%204.2.2026.png"
"/data-reporting","Data & Reporting","","36589","Data & Reporting.png","Data and reporting header","0","6","at top + full width + named header","/doe/sites/maine.gov.doe/files/inline-images/Data%20%26%20Reporting.png"
"/earlyinterventionforme","Early Intervention for ME, Birth to 3 Years","","36499","Early Intervention for ME - Home Header.png","Early Intervention for ME - Home Header","0","6","at top + full width + named header","/doe/sites/maine.gov.doe/files/inline-images/Early%20Intervention%20for%20ME%20-%20Home%20Header.png"
"/educatorservices","Office of Higher Education & Educator Support Services","","31018","HE - HE.png","Services Banner","0","6","near top + full width + named banner","/doe/sites/maine.gov.doe/files/inline-images/HE%20-%20HE.png"
"/facilitieshome","Office of School Facilities","","","Facilities Office - About Us Card.png","About Us Banner","0","6","near top + full width + named banner","/doe/sites/maine.gov.doe/files/inline-images/Facilities Office - About Us Card.png"
"/innovation","Office of Innovation","","53869","Innovation - EnGiNE Program Card.png","EnGiNE banner","0","6","near top + full width + named banner","/doe/sites/maine.gov.doe/files/inline-images/Innovation%20-%20EnGiNE%20Program%20Card.png"
"/innovation/outdooreducation","Outdoor Education","","31102","Outdoor - RREV.png","RREV Banner","0","6","near top + full width + named banner","/doe/sites/maine.gov.doe/files/inline-images/Outdoor%20-%20RREV.png"
"/learning","Learning","","34947","Adult Education Banner_0.png","Adult Ed Banner","0","6","near top + full width + named banner","/doe/sites/maine.gov.doe/files/inline-images/Adult%20Education%20Banner_0.png"
"/learning/earlychildhood","Early Learning","","","Early Learning Home - Public Preschool Card.png","Public Preschool Banner","0","6","near top + full width + named banner","/doe/sites/maine.gov.doe/files/inline-images/Early Learning Home - Public Preschool Card.png"
"/learning/earlychildhood/transitions/modules","Transitioning into Kindergarten - Professional Development Modules","","35631","Transition to Kindergarten - Module 1_0.png","Module 1 Banner","0","6","near top + full width + named banner","/doe/sites/maine.gov.doe/files/inline-images/Transition%20to%20Kindergarten%20-%20Module%201_0.png"
"/offices","Maine Department of Education Offices","","30979","O - Federal Programs.png","federal programs banner","0","6","near top + full width + named banner","/doe/sites/maine.gov.doe/files/inline-images/O%20-%20Federal%20Programs.png"
"/pathways","Office of Workforce Development & Innovative Pathways","","31055","WDIP - Adult Education_0.png","Adult Education Banner","0","6","near top + full width + named banner","/doe/sites/maine.gov.doe/files/inline-images/WDIP%20-%20Adult%20Education_0.png"
"/schoolsafety","Maine School Safety Center","","31071","MSSC - About Us_1.png","Services Banner","0","6","near top + full width + named banner","/doe/sites/maine.gov.doe/files/inline-images/MSSC%20-%20About%20Us_1.png"
"/schoolsupports","Office of School & Student Supports","","31126","O3S - Health_1.png","Coordinated School Health Banner","0","6","near top + full width + named banner","/doe/sites/maine.gov.doe/files/inline-images/O3S%20-%20Health_1.png"
"/specialservices/specialprojects","Special Projects for Inclusion","","38107","Special Projects - Inclusive Education Website Banner.png","WIP","0","6","near top + full width + named banner","/doe/sites/maine.gov.doe/files/inline-images/Special%20Projects%20-%20Inclusive%20Education%20Website%20Banner.png"
"/about","About","","51647","About - Maine DOE Banner.png","About the Maine Department of Education","0","5","at top + named banner","/doe/sites/maine.gov.doe/files/inline-images/About%20-%20Maine%20DOE%20Banner.png"
"/about/leadership/stateboard","State Board of Education","","35132","State Board.jpg","State Board of Education Banner","0","5","at top + named banner","/doe/sites/maine.gov.doe/files/inline-images/State%20Board.jpg"
"/data-reporting/reporting/othersystems","Other Data Reporting Systems","","36591","Other Systems.png","Other Data Reporting Banner","0","5","at top + named banner","/doe/sites/maine.gov.doe/files/inline-images/Other%20Systems.png"
"/data-reporting/warehouse","Data Warehouse","","36547","Data Warehouse Banner - 7.24.2024.png","Data Warehouse Banner","0","5","at top + named banner","/doe/sites/maine.gov.doe/files/inline-images/Data%20Warehouse%20Banner%20-%207.24.2024.png"
"/facilitieshome","Office of School Facilities","","","Facilities Office - Programs Card.png","Programs Banner","0","5","full width + named banner","/doe/sites/maine.gov.doe/files/inline-images/Facilities Office - Programs Card.png"
"/federalprograms","Office of Federal Programs","","31050","FP Banner.png","Federal Programs Banner","1","5","at top + named banner","/doe/sites/maine.gov.doe/files/inline-images/FP%20Banner.png"
"/federalprograms/fedrelief/pandemic","Maine's Whole Student Pandemic Response","","34810","Pandemic Response.jpg","Pandemic Response Banner","0","5","at top + named banner","/doe/sites/maine.gov.doe/files/inline-images/Pandemic%20Response.jpg"
"/federalprograms/resources","Federal Programs Resources","","31455","FP - Requirements.png","Federal requirements banner","0","5","full width + named banner","/doe/sites/maine.gov.doe/files/inline-images/FP%20-%20Requirements.png"
"/funding/gpa/eps","Essential Programs and Services (EPS) Funding","","41201","School Finance - Essential Programs & Services Funding Website Banner.png","Essential Programs Banner","0","5","at top + named banner","/doe/sites/maine.gov.doe/files/inline-images/School%20Finance%20-%20Essential%20Programs%20%26%20Services%20Funding%20Website%20Banner.png"
"/funding/reports/tuition","Tuition Rates","","39953","School Finance - Tuition Rates Web Banner.png","School Finance Tuition Rates Web Banner","0","5","at top + named banner","/doe/sites/maine.gov.doe/files/inline-images/School%20Finance%20-%20Tuition%20Rates%20Web%20Banner.png"
"/innovation","Office of Innovation","","52069","Innovation - Environmental & Outdoor Learning Card.png","Outdoor Education Banner","0","5","full width + named banner","/doe/sites/maine.gov.doe/files/inline-images/Innovation%20-%20Environmental%20%26%20Outdoor%20Learning%20Card.png"
"/innovation/climateeducation","Climate Education","","40787","Climate Education - Homepage Web Banner.png","Climate Education Home Banner","0","5","at top + named banner","/doe/sites/maine.gov.doe/files/inline-images/Climate%20Education%20-%20Homepage%20Web%20Banner.png"
"/innovation/climateeducation/grantprogram","Climate Education Professional Development Grant Pilot Program","","40781","Climate Education - Professional Development Grant Pilot Program Web Banner.png","Climate Education Banner","0","5","at top + named banner","/doe/sites/maine.gov.doe/files/inline-images/Climate%20Education%20-%20Professional%20Development%20Grant%20Pilot%20Program%20Web%20Banner.png"
"/innovation/MaineOutdoorLearning/pastprograms","Maine Outdoor Learning Initiative: Past Programs","","35029","MOLI - Programs.png","MOLI Banner","0","5","at top + named banner","/doe/sites/maine.gov.doe/files/inline-images/MOLI%20-%20Programs.png"
"/innovation/outdooreducation","Outdoor Education","","31105","Outdoor Education.png","Outdoor Banner","0","5","at top + named banner","/doe/sites/maine.gov.doe/files/inline-images/Outdoor%20Education.png"
"/innovation/outdooreducation","Outdoor Education","","31103","Outdoor - MOLI.png","MOLI Banner","0","5","full width + named banner","/doe/sites/maine.gov.doe/files/inline-images/Outdoor%20-%20MOLI.png"
"/innovation/rrev/history","RREV History","","38521","RREV RD - History - Superintendents Banner.png","presenter showing notes","0","5","full width + named banner","/doe/sites/maine.gov.doe/files/inline-images/RREV%20RD%20-%20History%20-%20Superintendents%20Banner.png"
"/learning","Learning","","34960","Assessment Banner_1.png","Assessment Banner","0","5","full width + named banner","/doe/sites/maine.gov.doe/files/inline-images/Assessment%20Banner_1.png"
"/learning/content/health","Health Education","","42617","School Health - Health Education Banner.jpg","Health Education Banner","0","5","at top + named banner","/doe/sites/maine.gov.doe/files/inline-images/School%20Health%20-%20Health%20Education%20Banner.jpg"
"/learning/earlychildhood/1stgradeforme/unit3","Unit 3 - Resources In Our Community","","50533","1st Grade for ME - Unit 3 - Resources in Our community Banner.png","Resources Banner","0","5","at top + named banner","/doe/sites/maine.gov.doe/files/inline-images/1st%20Grade%20for%20ME%20-%20Unit%203%20-%20Resources%20in%20Our%20community%20Banner.png"
"/learning/earlychildhood/1stgradeforme/unit4","1st Grade for ME - Unit 4 - Communicating With Sound and Light","","51451","1st Grade for ME - Unit 4 - Communicating with Sound & Light Banner.png","Sound and Light Banner","0","5","at top + named banner","/doe/sites/maine.gov.doe/files/inline-images/1st%20Grade%20for%20ME%20-%20Unit%204%20-%20Communicating%20with%20Sound%20%26%20Light%20Banner.png"
"/learning/earlychildhood/headstart","Head Start State Collaboration Office","","48897","Head Start Collaboration Office Website Banner.png","Head Start State Collaboration Office banner","0","5","at top + named banner","/doe/sites/maine.gov.doe/files/inline-images/Head%20Start%20Collaboration%20Office%20Website%20Banner.png"
"/learning/earlychildhood/K4ME","K for ME","","51499","Early Learning - K for ME Homepage Banner.png","K for ME Banner","0","5","at top + named banner","/doe/sites/maine.gov.doe/files/inline-images/Early%20Learning%20-%20K%20for%20ME%20Homepage%20Banner.png"
"/learning/earlychildhood/K4ME/unit1","K for ME - Unit 1 - Our Community","","48761","K for ME - Unit 2 - Our Community Banner.png","community banner","0","5","at top + named banner","/doe/sites/maine.gov.doe/files/inline-images/K%20for%20ME%20-%20Unit%202%20-%20Our%20Community%20Banner.png"
"/learning/earlychildhood/K4ME/unit4","K for ME - Unit 4 - Our Earth","","51031","K for ME - Unit 4 - Our Earth Banner.png","K for me banner our earth","0","5","at top + named banner","/doe/sites/maine.gov.doe/files/inline-images/K%20for%20ME%20-%20Unit%204%20-%20Our%20Earth%20Banner.png"
"/learning/earlychildhood/PreK4ME/unit1-links","Pre K for ME - Unit 1 Family","","46591","Pre-K for ME - Unit 1 - Family.png","Unit 1 banner","0","5","at top + named banner","/doe/sites/maine.gov.doe/files/inline-images/Pre-K%20for%20ME%20-%20Unit%201%20-%20Family.png"
"/learning/earlylearning/instructionalprogramming/2ndgradeforme/unit1","2nd Grade for ME - Unit 1 - How We Learn in our Communities","","46235","2nd Grade for ME - Unit 1 - How We Learn in Our Communities Banner.png","How we learn in our communities banner","0","5","at top + named banner","/doe/sites/maine.gov.doe/files/inline-images/2nd%20Grade%20for%20ME%20-%20Unit%201%20-%20How%20We%20Learn%20in%20Our%20Communities%20Banner.png"
"/learning/earlylearning/instructionalprogramming/2ndgradeforme/unit2","2nd Grade for ME - Unit 2 - The Forces of Wind & Water","","47775","2nd Grade for ME - Unit 2 - The Forces of Wind and Water Banner.png","water banner","0","5","at top + named banner","/doe/sites/maine.gov.doe/files/inline-images/2nd%20Grade%20for%20ME%20-%20Unit%202%20-%20The%20Forces%20of%20Wind%20and%20Water%20Banner.png"
"/learning/earlylearning/instructionalprogramming/2ndgradeforme/unit3","2nd Grade for ME - Unit 3","","50299","2nd Grade for ME - Unit 3 - Connecting Places Connecting People.png","banner","0","5","at top + named banner","/doe/sites/maine.gov.doe/files/inline-images/2nd%20Grade%20for%20ME%20-%20Unit%203%20-%20Connecting%20Places%20Connecting%20People.png"
"/learning/earlylearning/instructionalprogramming/2ndgradeforme/unit4","2nd Grade for ME - Unit 4 - The Power of Pollinators","","51529","Early Learning - 2nd Grade for ME - Unit 4 - The Power of Pollinators Banner.png","Pollinators Banner","0","5","at top + named banner","/doe/sites/maine.gov.doe/files/inline-files/Early%20Learning%20-%202nd%20Grade%20for%20ME%20-%20Unit%204%20-%20The%20Power%20of%20Pollinators%20Banner.png"
"/learning/elo/maine","Extended Learning in Maine","","39259","Extended Learning Opportunities - Extended Learning in Maine Website Banner.png","Extended Learning in Maine Website Banner","0","5","at top + named banner","/doe/sites/maine.gov.doe/files/inline-images/Extended%20Learning%20Opportunities%20-%20Extended%20Learning%20in%20Maine%20Website%20Banner.png"
"/learning/esea","ESEA Federal Programs","","42361","Federal Programs - ESEA Home Banner.png","ESEA Banner","0","5","at top + named banner","/doe/sites/maine.gov.doe/files/inline-images/Federal%20Programs%20-%20ESEA%20Home%20Banner.png"
"/learning/healtheducationandphysicaleducation/professionaldevelopment","Health Education & Physical Education Professional Development","","38667","Health Education - Professional Development Banner.png","Health Education Professional Development Banner","0","5","at top + named banner","/doe/sites/maine.gov.doe/files/inline-images/Health%20Education%20-%20Professional%20Development%20Banner.png"
"/learning/hub","The Learning Hub","","53725","Content & Standards - The Learning Hub Banner - 6.25.2026.png","Learning Hub Banner","1","5","at top + named banner","/doe/sites/maine.gov.doe/files/inline-images/Content%20%26%20Standards%20-%20The%20Learning%20Hub%20Banner%20-%206.25.2026.png"
"/learning/II/ConCEPT/conceptfoundations","Concepts","","51991","Interdisciplinary Instruction - Concept Banner.jpg","banner","0","5","at top + named banner","/doe/sites/maine.gov.doe/files/inline-images/Interdisciplinary%20Instruction%20-%20Concept%20Banner.jpg"
"/learning/II/ConCEPT/connections","Community Connections","","44887","Interdisciplinary Instruction - Community Connections Banner - 6.10.2025.png","Community Connections Banner","0","5","at top + named banner","/doe/sites/maine.gov.doe/files/inline-images/Interdisciplinary%20Instruction%20-%20Community%20Connections%20Banner%20-%206.10.2025.png"
"/learning/II/ConCEPT/overarchingideas","Overarching Ideas","","51895","Interdisciplinary Instruction - Overarching Ideas Banner.jpg","Overarching Ideas Banner","0","5","at top + named banner","/doe/sites/maine.gov.doe/files/inline-images/Interdisciplinary%20Instruction%20-%20Overarching%20Ideas%20Banner.jpg"
"/learning/II/inquiry-questioning"," Using Curiosity & Wonder to Guide Inquiry","","39053","Interdisciplinary Instruction -using curiosity and wonder to guide inquiry banner .png","Students looking through a microscope","0","5","at top + named banner","/doe/sites/maine.gov.doe/files/inline-images/Interdisciplinary%20Instruction%20-using%20curiosity%20and%20wonder%20to%20guide%20inquiry%20banner%20.png"
"/learning/II/integratedliteracy","Integrated Literacy","","49019","Interdisciplinary Instruction - Integrated Literacy Banner.png","Literacy Banner","0","5","at top + named banner","/doe/sites/maine.gov.doe/files/inline-images/Interdisciplinary%20Instruction%20-%20Integrated%20Literacy%20Banner.png"
"/learning/II/neuroscience","Connections to Neuroscience","","51973","Interdisciplinary Instruction - Connections to Neuroscience Banner.jpg","Connections to Neuroscience Banner","0","5","at top + named banner","/doe/sites/maine.gov.doe/files/inline-images/Interdisciplinary%20Instruction%20-%20Connections%20to%20Neuroscience%20Banner.jpg"
"/learning/II/overview","The Vision of Interdisciplinary Instruction","","38379","II - Vision page.png","II vision banner","0","5","at top + named banner","/doe/sites/maine.gov.doe/files/inline-images/II%20-%20Vision%20page.png"
"/learning/II/partnership-landing","Authentic Audience","","51975","Interdisciplinary Instruction - Authentic Audience Banner.jpg","Authentic Audience Banner","0","5","at top + named banner","/doe/sites/maine.gov.doe/files/inline-images/Interdisciplinary%20Instruction%20-%20Authentic%20Audience%20Banner.jpg"
"/learning/II/partnership-landing/careerconnect","Career Connections","","51977","Interdisciplinary Instruction - Career Connections Banner.jpg","Career Connections Banner","0","5","at top + named banner","/doe/sites/maine.gov.doe/files/inline-images/Interdisciplinary%20Instruction%20-%20Career%20Connections%20Banner.jpg"
"/learning/II/PL/SSQ","Supporting Students in Questioning","","51905","Interdisciplinary Instruction - Supporting Students in Questioning Banner.jpg","Questions Banner","0","5","at top + named banner","/doe/sites/maine.gov.doe/files/inline-images/Interdisciplinary%20Instruction%20-%20Supporting%20Students%20in%20Questioning%20Banner.jpg"
"/learning/II/reflection","Educator-Focused Reflective Practices","","44521","Interdisciplinary Instruction - Educator-Focused Reflective Practices Banner - 4.24.2025.png","Educator-Focused Reflective Practices Banner","0","5","at top + named banner","/doe/sites/maine.gov.doe/files/inline-images/Interdisciplinary%20Instruction%20-%20Educator-Focused%20Reflective%20Practices%20Banner%20-%204.24.2025.png"
"/learning/II/udl","Universal Design for Learning","","51901","Interdisciplinary Instruction - Universal Design for Learning Banner.jpg","UDL Banner","0","5","at top + named banner","/doe/sites/maine.gov.doe/files/inline-images/Interdisciplinary%20Instruction%20-%20Universal%20Design%20for%20Learning%20Banner.jpg"
"/learning/mathpathways","Math Pathways","","36855","Math Pathways Resources Card Banner.png","Card Image Caption","0","5","full width + named banner","/doe/sites/maine.gov.doe/files/inline-images/Math%20Pathways%20Resources%20Card%20Banner.png"
"/learning/mathpathways/maine","Math Pathways in Maine","","37289","Math Pathways in Maine Website Banner.png","Math Pathways in Maine Website Banner","0","5","at top + named banner","/doe/sites/maine.gov.doe/files/inline-images/Math%20Pathways%20in%20Maine%20Website%20Banner.png"
"/learning/multilinguallearner","Multilingual Learners","","36897","Multilingual Learners Website Banner.png","Multilingual Learners Website Banner","0","5","at top + named banner","/doe/sites/maine.gov.doe/files/inline-images/Multilingual%20Learners%20Website%20Banner.png"
"/learning/multilinguallearner/identification","Multilingual Learner Identification","","40023","Multilingual Learners - Identification Website Banner.png","Multilingual Learners - Identification Website Banner","0","5","at top + named banner","/doe/sites/maine.gov.doe/files/inline-images/Multilingual%20Learners%20-%20Identification%20Website%20Banner.png"
"/learning/multilinguallearner/pl","Multilingual Programs Professional Learning","","37579","Multilingual Learners - Professional Development Website Banner.png","Professional Development Banner","0","5","at top + named banner","/doe/sites/maine.gov.doe/files/inline-images/Multilingual%20Learners%20-%20Professional%20Development%20Website%20Banner.png"
"/learning/multilinguallearner/resources","Multilingual Programming Resources","","36899","Multilingual Learners - Resources Website Banner.png","Multilingual Learners Resources Banner","0","5","at top + named banner","/doe/sites/maine.gov.doe/files/inline-images/Multilingual%20Learners%20-%20Resources%20Website%20Banner.png"
"/learning/specialed","Office of Special Services & Inclusive Education","","52263","Special Services - Home Web Banner (1).png","Special Services Home Web Banner","0","5","at top + named banner","/doe/sites/maine.gov.doe/files/inline-images/Special%20Services%20-%20Home%20Web%20Banner%20%281%29.png"
"/learning/specialed/fiscal","Funding & Fiscal Accountability","","38997","Special Services - Funding & Fiscal Accountability Web Banner.png","Special Services Funding and Fiscal Accountability Banner","0","5","at top + named banner","/doe/sites/maine.gov.doe/files/inline-images/Special%20Services%20-%20Funding%20%26%20Fiscal%20Accountability%20Web%20Banner.png"
"/learning/specialed/initiatives/pbis","Positive Behavioral Intervention and Supports (PBIS)","","38149","OSSIE - PBIS Website Banner.png","PBIS Website Banner","0","5","at top + named banner","/doe/sites/maine.gov.doe/files/inline-images/OSSIE%20-%20PBIS%20Website%20Banner.png"
"/learning/specialed/law","Special Education Laws & Regulations","","37807","OSSIE - Laws & Regulations Website Banner.png","Special Education Laws and Regulation Banner","0","5","at top + named banner","/doe/sites/maine.gov.doe/files/inline-images/OSSIE%20-%20Laws%20%26%20Regulations%20Website%20Banner.png"
"/learning/specialed/supervision/resources","Supervision, Monitoring, and Support - Resources","","37453","OSSIE - Supervision Resources Web Banner.png","Professional Learning Banner","0","5","at top + named banner","/doe/sites/maine.gov.doe/files/inline-images/OSSIE%20-%20Supervision%20Resources%20Web%20Banner.png"
"/learning/specialed/transition/youngperson","Transition - Young Person","","29607","Banner 1 Primary.png","TransitionMaine with Moose Logo - Please click here to return to homepage","8","5","at top + named banner","/doe/sites/maine.gov.doe/files/inline-images/Banner%201%20Primary.png"
"/learning/standardsreview","Standards Review","","47229","Standards Review Banner.png","Standards Review banner","0","5","at top + named banner","/doe/sites/maine.gov.doe/files/inline-images/Standards%20Review%20Banner.png"
"/learning/standardsreview/ela","English Language Arts/Literacy Standards Review","","43965","Standards Review & Instruction - English Language Arts.png","Banner","0","5","at top + named banner","/doe/sites/maine.gov.doe/files/inline-images/Standards%20Review%20%26%20Instruction%20-%20English%20Language%20Arts.png"
"/learning/standardsreview/healthandphysicaleducation","Health Education and Physical Education Standards Review","","44361","Standards Review & Instruction - Health & Physical Education.png","Banner","0","5","at top + named banner","/doe/sites/maine.gov.doe/files/inline-images/Standards%20Review%20%26%20Instruction%20-%20Health%20%26%20Physical%20Education.png"
"/learning/standardsreview/mathematics","Mathematics Standards & Review","","47233","Standards Review & Instruction - Mathematics.png","Math Banner","0","5","at top + named banner","/doe/sites/maine.gov.doe/files/inline-images/Standards%20Review%20%26%20Instruction%20-%20Mathematics.png"
"/learning/standardsreview/science","Science, Technology, & Engineering Standards Review","","47227","Standards Review & Instruction - Science Technology & Engineering.png","Banner","0","5","at top + named banner","/doe/sites/maine.gov.doe/files/inline-images/Standards%20Review%20%26%20Instruction%20-%20Science%20Technology%20%26%20Engineering.png"
"/learning/technology/MLTI","Maine Learning Technology Initiative (MLTI)","","45461","MLTI - Homepage Banner.png","MLTI Banner","0","5","at top + named banner","/doe/sites/maine.gov.doe/files/inline-images/MLTI%20-%20Homepage%20Banner.png"
"/learning/worldlanguages","World Languages","","47397","World Languages Home Banner.png","World Languages Home Banner","0","5","at top + named banner","/doe/sites/maine.gov.doe/files/inline-images/World%20Languages%20Home%20Banner.png"
"/literacy/literacyforme/resources","Literacy for ME - Resources","","38209","Literacy for ME Resources Website Banner.png","Literacy for ME Resources Website Banner","0","5","at top + named banner","/doe/sites/maine.gov.doe/files/inline-images/Literacy%20for%20ME%20Resources%20Website%20Banner.png"
"/literacy/resources","Literacy Resources","","44367","Literacy - Resources.png","Banner","0","5","at top + named banner","/doe/sites/maine.gov.doe/files/inline-images/Literacy%20-%20Resources.png"
"/literacy/resources","Literacy Resources","","38193","Literacy Hub - Programs Banner.png","Presenter showing notes","0","5","at top + named banner","/doe/sites/maine.gov.doe/files/inline-images/Literacy%20Hub%20-%20Programs%20Banner.png"
"/moose/lp","MOOSE Learning Progressions","","48661","MOOSE Learning Progressions Website Banner.png","Learning Progressions Banner","0","5","at top + named banner","/doe/sites/maine.gov.doe/files/inline-images/MOOSE%20Learning%20Progressions%20Website%20Banner.png"
"/moose/lp/holocaust","MOOSE History of Genocide & the Holocaust Learning Progression","","50949","MOOSE - Learning Progression History of Genocide.png","learning banner","0","5","at top + named banner","/doe/sites/maine.gov.doe/files/inline-images/MOOSE%20-%20Learning%20Progression%20History%20of%20Genocide.png"
"/MTSS","Multi-Tiered Systems of Supports (MTSS)","","51263","MTSS - Homepage Banner.png","MTSS Banner","0","5","at top + named banner","/doe/sites/maine.gov.doe/files/inline-images/MTSS%20-%20Homepage%20Banner.png"
"/offices","Maine Department of Education Offices","","31031","O - Higher Ed_0.png","higher ed banner","0","5","full width + named banner","/doe/sites/maine.gov.doe/files/inline-images/O%20-%20Higher%20Ed_0.png"
"/pathways/mainecareerpathways","Maine Career Pathways","","49003","Early College - Maine Career Pathways Banner.png","Maine Career Pathways Banner","0","5","at top + named banner","/doe/sites/maine.gov.doe/files/inline-images/Early%20College%20-%20Maine%20Career%20Pathways%20Banner.png"
"/pathways/resources","Workforce Development & Innovative Pathways","","52285","WDIP Resources Banner (1).png","WDIP Resources","0","5","full width + named banner","/doe/sites/maine.gov.doe/files/inline-images/WDIP%20Resources%20Banner%20%281%29.png"
"/pineproject","Pine Project","","38589","Pine Project - Website Banner.png","Pine Project Banner","1","5","at top + named banner","/doe/sites/maine.gov.doe/files/inline-images/Pine%20Project%20-%20Website%20Banner.png"
"/pineproject/professionallearning","Pine Project - Professional Learning","","38589","Pine Project - Website Banner.png","Pine Project Banner","1","5","at top + named banner","/doe/sites/maine.gov.doe/files/inline-images/Pine%20Project%20-%20Website%20Banner.png"
"/schools/eut","Education in the Unorganized Territory (EUT)","","42167","Unorganized Territory - Home Website Banner.png","Unorganized Territory — Home Website Banner","0","5","at top + named banner","/doe/sites/maine.gov.doe/files/inline-images/Unorganized%20Territory%20-%20Home%20Website%20Banner.png"
"/schools/eut/findschool","Education in the Unorganized Territory - Find Your School","","42225","Unorganized Territory - Find Your School Banner.png","Unorganized Territory Find Your School Banner","0","5","at top + named banner","/doe/sites/maine.gov.doe/files/inline-images/Unorganized%20Territory%20-%20Find%20Your%20School%20Banner.png"
"/schools/nutrition/programs/breakfast","School Breakfast Program (SBP)","","33658","Breakfast Programs.png","Breakfast Program Banner","0","5","at top + named banner","/doe/sites/maine.gov.doe/files/inline-images/Breakfast%20Programs.png"
"/schools/nutrition/programs/culinarydiversity","Culturally Diverse Culinary Resources","","33684","CN - Culture_1.png","culturally responsive banner","0","5","at top + named banner","/doe/sites/maine.gov.doe/files/inline-images/CN%20-%20Culture_1.png"
"/schools/nutrition/programs/farmtoschool","Farm and Sea to School","","33662","Farm & Sea.png","Farm and Sea banner","0","5","at top + named banner","/doe/sites/maine.gov.doe/files/inline-images/Farm%20%26%20Sea.png"
"/schools/nutrition/programs/fd","Food Distribution Program","","33665","USDA.png","USDA Banner","0","5","at top + named banner","/doe/sites/maine.gov.doe/files/inline-images/USDA.png"
"/schools/nutrition/programs/ffvp","Fresh Fruit and Vegetable Program (FFVP)","","33663","FFVP.png","FFVP Banner","0","5","at top + named banner","/doe/sites/maine.gov.doe/files/inline-images/FFVP.png"
"/schools/nutrition/programs/harvestofthemonth","Maine Harvest of the Month","","33694","Harvest.png","harvest banner","0","5","at top + named banner","/doe/sites/maine.gov.doe/files/inline-images/Harvest.png"
"/schools/nutrition/programs/nslp","National School Lunch Program (NSLP)","","52401","Lunch Program (1).png","National Lunch Program Banner","0","5","at top + named banner","/doe/sites/maine.gov.doe/files/inline-images/Lunch%20Program%20%281%29.png"
"/schools/nutrition/training","Child Nutrition Training","","37631","Child Nutrition - Webinars & Training Website Banner.png","Child Nutrition Webinars and Training Banner","0","5","at top + named banner","/doe/sites/maine.gov.doe/files/inline-images/Child%20Nutrition%20-%20Webinars%20%26%20Training%20Website%20Banner.png"
"/schools/safeschools/healthed/concussion","Concussion Management","","39031","School Health - Concussion Management Web Banner.png","Concussion Management Web Banner","0","5","at top + named banner","/doe/sites/maine.gov.doe/files/inline-images/School%20Health%20-%20Concussion%20Management%20Web%20Banner.png"
"/schools/safeschools/healthed/nurseresources/carecoordination","Guidelines for School Health Services: Health Screenings","","39055","School Health - Health Screenings Web Banner.png","Health Screenings Web Banner","0","5","at top + named banner","/doe/sites/maine.gov.doe/files/inline-images/School%20Health%20-%20Health%20Screenings%20Web%20Banner.png"
"/schools/safeschools/healthed/nurseresources/manual/pests","Pests in Schools","","39041","School Health - Pests in Schools Web Banner.png","Pests in Schools Web Banner","0","5","at top + named banner","/doe/sites/maine.gov.doe/files/inline-images/School%20Health%20-%20Pests%20in%20Schools%20Web%20Banner.png"
"/schools/safeschools/highmobility/homelessed/MVliaisons","Resources for McKinney-Vento Liaisons","","50773","McKinney-Vento - Resources for Liaisons Banner.png","Resources for McKinney-Vento Liaisons Banner","0","5","at top + named banner","/doe/sites/maine.gov.doe/files/inline-images/McKinney-Vento%20-%20Resources%20for%20Liaisons%20Banner.png"
"/schoolsupports/communityschools/current","Current Community Schools","","31174","Community.png","Community Schools Banner","2","5","at top + named banner","/doe/sites/maine.gov.doe/files/inline-images/Community.png"
"/schoolsupports/schoolhealth/data","School Health Services: Data","","34941","School Health - Health Data.jpg","Health Data Banner","0","5","at top + named banner","/doe/sites/maine.gov.doe/files/inline-images/School%20Health%20-%20Health%20Data.jpg"
"/schoolsupports/schoolhealth/professionaldevelopment","Professional Learning for School Nurses","","31253","School Health - Professional Development Banner_0.jpg","School Health Professional Development Banner","0","5","at top + named banner","/doe/sites/maine.gov.doe/files/inline-images/School%20Health%20-%20Professional%20Development%20Banner_0.jpg"
"/specialservices/professionallearning","Special Services Professional Learning","","52275","OSSIE - Professional Learning (1).png","Professional Learning Banner","0","5","at top + named banner","/doe/sites/maine.gov.doe/files/inline-images/OSSIE%20-%20Professional%20Learning%20%281%29.png"
"/teachingandlearning/engagementseries","EngageMEnt: Cultivating Innovative Teaching & Learning","","46691","Office of Teaching & Learning Engagement Series Register Banner.png","Register for the EngageMEnt Series","0","5","full width + named banner","/doe/sites/maine.gov.doe/files/inline-images/Office%20of%20Teaching%20%26%20Learning%20Engagement%20Series%20Register%20Banner.png"
"/Testing_Accountability/MECAS/materials/natint","National & International Assessments","","46679","Assessment - MECAS NAEP Banner.png","NAEP Banner","0","5","at top + named banner","/doe/sites/maine.gov.doe/files/inline-images/Assessment%20-%20MECAS%20NAEP%20Banner.png"
"/Testing_Accountability/model/indicators","Accountability Indicators","","44353","Model of Support - Accountability Indicators Banner.png","Banner","0","5","at top + named banner","/doe/sites/maine.gov.doe/files/inline-images/Model%20of%20Support%20-%20Accountability%20Indicators%20Banner.png"
"/about/leadership/studentleadership","Student Leadership","","40053","State Board - website image - 11.6.24.png","presenter showing notes","0","4","at top + full width","/doe/sites/maine.gov.doe/files/inline-images/State%20Board%20-%20website%20image%20-%2011.6.24.png"
"/data-reporting/Student","Student Data Entry and Reporting","","53109","DATA - Data Entry SIF Object - 6.5.2026 .png","SIF Objects","0","4","at top + full width","/doe/sites/maine.gov.doe/files/inline-images/DATA%20-%20Data%20Entry%20SIF%20Object%20-%206.5.2026%20.png"
"/earlyinterventionforme/contact","Early Intervention for ME: Regional & State Contacts","","36821","Early Intervention for ME - Regional Site Contacts.png","Regional Site Contacts","0","4","at top + full width","/doe/sites/maine.gov.doe/files/inline-images/Early%20Intervention%20for%20ME%20-%20Regional%20Site%20Contacts.png"
"/learning/content/physed","Physical Education Resources & Standards","","","Physical Education - Standards Document Card.png","kids in a gym class","0","4","at top + full width","/doe/sites/maine.gov.doe/files/inline-images/Physical Education - Standards Document Card.png"
"/learning/cte/grants4me","Grants4ME","","18134","Marine Blue Knot Logistics Logo (1).png","Grants4ME Logo","1","4","at top + full width","/doe/sites/maine.gov.doe/files/inline-images/Marine%20Blue%20Knot%20Logistics%20Logo%20%281%29.png"
"/learning/earlychildhood/first10/forming","Forming a First 10 School and Community","","52211","jason-goodman-Oalh2MojUuk-unsplash (1).jpg","presenter showing notes","1","4","at top + full width","/doe/sites/maine.gov.doe/files/inline-images/jason-goodman-Oalh2MojUuk-unsplash%20%281%29.jpg"
"/learning/healtheducationandphysicaleducation/professionaldevelopment","Health Education & Physical Education Professional Development","","38671","Health Education - Recorded Sessions Banner.png","Recorded Sessions Banner","0","4","near top + named banner","/doe/sites/maine.gov.doe/files/inline-images/Health%20Education%20-%20Recorded%20Sessions%20Banner.png"
"/learning/II/PL/QFTcourse","Question Formulation Technique Course Information","","","Interdisciplinary Instruction - Question Formulation Technique Landing Page - Technique Card - 7.8.2025.png","Child at desk","0","4","at top + full width","/doe/sites/maine.gov.doe/files/inline-images/Interdisciplinary Instruction - Question Formulation Technique Landing Page - Technique Card - 7.8.2025.png"
"/learning/II/PL/sched","Professional Learning Schedule","","38799","InterdisciplinaryInstruction PL schedule.png","Teachers working at a table together","0","4","at top + full width","/doe/sites/maine.gov.doe/files/inline-images/InterdisciplinaryInstruction%20PL%20schedule.png"
"/learning/II/PL/sched","Professional Learning Schedule","","48507","Interdisciplinary Instruction - Professional Learning Schedule - Professional Learning Card.jpg","Card image cap","0","4","at top + full width","/doe/sites/maine.gov.doe/files/inline-images/Interdisciplinary%20Instruction%20-%20Professional%20Learning%20Schedule%20-%20Professional%20Learning%20Card.jpg"
"/learning/technology/contact","Learning Through Technology Contact Us","","31997","EBanks resize.jpg","Emma","0","4","at top + full width","https://www.maine.gov/doe/sites/maine.gov.doe/files/2023-10/EBanks%20resize.jpg"
"/learning/technology/studentleadership","Student Leadership","","40327","Teaching & Learning - Technology & Learning - Student Leadership Conference Card.png","presenter showing notes","0","4","at top + full width","/doe/sites/maine.gov.doe/files/inline-images/Teaching%20%26%20Learning%20-%20Technology%20%26%20Learning%20-%20Student%20Leadership%20Conference%20Card.png"
"/learning/worldlanguages","World Languages","","47399","World Languages - 5 Cs Banner.png","5 C's Banner","0","4","near top + named banner","/doe/sites/maine.gov.doe/files/inline-images/World%20Languages%20-%205%20Cs%20Banner.png"
"/lgbtq","LGBTQ+ Resources","","15601","mercedes-mehling-SKLSceAHpR0-unsplash (1).jpg","pride parade people holding rainbow flag portland maine","0","4","at top + full width","/doe/sites/maine.gov.doe/files/inline-images/mercedes-mehling-SKLSceAHpR0-unsplash%20%281%29.jpg"
"/lgbtq/parent","LGBTQ+ Parent Resources","","15673","rainbow grad (1).jpg","back of a graduate who has a rainbow painted onto mortarboard","0","4","at top + full width","/doe/sites/maine.gov.doe/files/inline-images/rainbow%20grad%20%281%29.jpg"
"/lgbtq/student","LGBTQ+ Student Resources","","15670","iStock-683554208.jpg","Collage of pictures of different students representing gay pride in parades","0","4","at top + full width","/doe/sites/maine.gov.doe/files/inline-images/iStock-683554208.jpg"
"/safety/threatassessmentlinks","Anonymous Threats","","29343","elizabeth-kay-l4gDUtU7GB4-unsplash_2.jpg","Caution tape","0","4","at top + full width","/doe/sites/maine.gov.doe/files/inline-images/elizabeth-kay-l4gDUtU7GB4-unsplash_2.jpg"
"/schools/eut/forms","Education in the Unorganized Territory Forms","","30119","pexels-emma-bauso-2253879.jpg","family walking hand-in-hand","0","4","at top + full width","../../sites/maine.gov.doe/files/inline-images/pexels-emma-bauso-2253879.jpg"
"/schools/nutrition/programs","Programs - Child Nutrition","","33282","Untitled design_2.png","Afterschool Snack Service banner","0","4","near top + named banner","/doe/sites/maine.gov.doe/files/inline-images/Untitled%20design_2.png"
"/schools/nutrition/programs","Programs - Child Nutrition","","52307","Untitled design (3)_0.png","Breakfast Programs banner","0","4","near top + named banner","/doe/sites/maine.gov.doe/files/inline-images/Untitled%20design%20%283%29_0.png"
"/Testing_Accountability/MECAS/materials/meascience","Science Assessment","","34621","ScienceExchange_Logo_Centered_D_RGB_GreenBG.jpg","logo","0","4","at top + full width","/doe/sites/maine.gov.doe/files/inline-images/ScienceExchange_Logo_Centered_D_RGB_GreenBG.jpg"
"/Testing_Accountability/MECAS/supports/assessmentliteracy","Assessment Literacy Basics","","22537","nmassessment.png","Teacher High Fives a Student","0","4","at top + full width","/doe/sites/maine.gov.doe/files/inline-images/nmassessment.png"
"/about/laws/policy","Policy and Legislation","","39145","Legislative - Typing Image - JPG.jpg","hands typing on laptop","0","3","near top + full width","/doe/sites/maine.gov.doe/files/inline-images/Legislative%20-%20Typing%20Image%20-%20JPG.jpg"
"/about/leadership/studentleadership","Student Leadership","","39407","Student Cabinet - Website image - 11.6.2024.png","Card image cap","0","3","near top + full width","/doe/sites/maine.gov.doe/files/inline-images/Student%20Cabinet%20-%20Website%20image%20-%2011.6.2024.png"
"/about/leadership/studentleadership/studentcabinet","Student Cabinet","","32061","Student Cab with ed committee.png","students","0","3","near top + full width","/doe/sites/maine.gov.doe/files/2023-10/Student%20Cab%20with%20ed%20committee.png"
"/about/leadership/studentleadership/studentcabinet","Student Cabinet","","32060","student cab circle_0.png","students","0","3","near top + full width","/doe/sites/maine.gov.doe/files/2023-10/student%20cab%20circle_0.png"
"/data-reporting/privacy","Data Privacy","","36599","Data - Data Privacy - State Laws.jpg","Card image cap","0","3","near top + full width","/doe/sites/maine.gov.doe/files/inline-images/Data%20-%20Data%20Privacy%20-%20State%20Laws.jpg"
"/learning/content/health/cancerprevention","Cancer Prevention, Bone Marrow Registry, and Organ Donation ","","22426","Cancer Prev ribbons.jpeg","Cancer ribbon","0","3","near top + full width","/doe/sites/maine.gov.doe/files/inline-images/Cancer%20Prev%20ribbons.jpeg"
"/learning/content/world-language/biliteracy","Maine Seal of Biliteracy","","46921","Multilingual Learning - Biliteracy Resource Kit 2025 Thumbnail.png","Resource Kit Thumbnail","0","3","near top + full width","/doe/sites/maine.gov.doe/files/inline-images/Multilingual%20Learning%20-%20Biliteracy%20Resource%20Kit%202025%20Thumbnail.png"
"/learning/earlychildhood/first10/forming","Forming a First 10 School and Community","","","Early Learning - First 10 Forming Creating Team Card.jpg","Card image cap","0","3","near top + full width","/doe/sites/maine.gov.doe/files/inline-images/Early Learning - First 10 Forming Creating Team Card.jpg"
"/learning/financialliteracy","Financial Literacy","","54059","Interdisciplinary Instruction - Financial Literacy Building Knowledge Card - 7.31.2026.png","Building Knowledge","0","3","near top + full width","/doe/sites/maine.gov.doe/files/inline-images/Interdisciplinary%20Instruction%20-%20Financial%20Literacy%20Building%20Knowledge%20Card%20-%207.31.2026.png"
"/learning/II","Interdisciplinary Instruction","","","Interdisciplinary Instruction - Numeracy Hub Card.png","Numeracy Hub","0","3","near top + full width","/doe/sites/maine.gov.doe/files/inline-images/Interdisciplinary Instruction - Numeracy Hub Card.png"
"/learning/II","Interdisciplinary Instruction","","47351","Interdisciplinary Instruction - Literacy Hub Card.png","Interdisciplinary Instruction","0","3","near top + full width","/doe/sites/maine.gov.doe/files/inline-images/Interdisciplinary%20Instruction%20-%20Literacy%20Hub%20Card.png"
"/learning/II/integratedliteracy","Integrated Literacy","","48939","Interdisciplinary Instruction - Integrated Literacy Landing Page - Literacy Foundations Card.jpg","Card image cap","0","3","near top + full width","/doe/sites/maine.gov.doe/files/inline-images/Interdisciplinary%20Instruction%20-%20Integrated%20Literacy%20Landing%20Page%20-%20Literacy%20Foundations%20Card.jpg"
"/learning/II/PL","Interdisciplinary Instruction Professional Learning","","50387","Interdisciplinary Instruction - Professional Learning Starter Kit Card .png","presenter showing notes","0","3","near top + full width","/doe/sites/maine.gov.doe/files/inline-images/Interdisciplinary%20Instruction%20-%20Professional%20Learning%20Starter%20Kit%20Card%20.png"
"/learning/II/techpblhome/techintegration","Integrating Instructional Technology","","27433","Authentic Problems.png","Authentic problems","0","3","near top + full width","/doe/sites/maine.gov.doe/files/inline-images/Authentic%20Problems.png"
"/learning/multilinguallearner/resources/interpretationtranslation","Interpretation & Translation","","39085","multilingual - language id card - 10.22.2024.png","Maine DOE Language Identification Card","0","3","near top + full width","/doe/sites/maine.gov.doe/files/inline-images/multilingual%20-%20language%20id%20card%20-%2010.22.2024.png"
"/learning/specialed/initiatives/dyslexia","Dyslexia & Reading Difficulties","","38411","Special Services - Dyslexia Understanding Banner.png","Card image cap","0","3","named banner","/doe/sites/maine.gov.doe/files/inline-images/Special%20Services%20-%20Dyslexia%20Understanding%20Banner.png"
"/learning/specialed/supervision","Supervision, Monitoring, and Support - SAUs","","37349","OSSIE - Supervision SAU .png","Card Image Caption","0","3","near top + full width","/doe/sites/maine.gov.doe/files/inline-images/OSSIE%20-%20Supervision%20SAU%20.png"
"/learning/standards/mathematics","Mathematics Standards","","40395","Standards & Instruction - Math Standards - K12 Documents Card.png","k-12 document card","0","3","near top + full width","/doe/sites/maine.gov.doe/files/inline-images/Standards%20%26%20Instruction%20-%20Math%20Standards%20-%20K12%20Documents%20Card.png"
"/learning/technology/studentleadership","Student Leadership","","40329","Teaching & Learning - Technology & Learning - Student Ambassadors Card.png","Card image cap","0","3","near top + full width","/doe/sites/maine.gov.doe/files/inline-images/Teaching%20%26%20Learning%20-%20Technology%20%26%20Learning%20-%20Student%20Ambassadors%20Card.png"
"/literacy/literacyforme","Literacy for ME","","38207","Literacy for ME - Main Website Banner.png","Literacy for ME Main Plan","0","3","named banner","/doe/sites/maine.gov.doe/files/inline-images/Literacy%20for%20ME%20-%20Main%20Website%20Banner.png"
"/pathways/educationpathways","Education Pathways & Early College","","","Education Pathways - Homepage - Aspirations Card.png","presenter showing notes","0","3","near top + full width","/doe/sites/maine.gov.doe/files/inline-images/Education Pathways - Homepage - Aspirations Card.png"
"/pathways/resources","Workforce Development & Innovative Pathways","","51225","Workforce Development - 2025 Overview Flyer Thumbnail.png","WDIP Flyer Thumbnail","0","3","near top + full width","/doe/sites/maine.gov.doe/files/inline-files/Workforce%20Development%20-%202025%20Overview%20Flyer%20Thumbnail.png"
"/safety","Maine School Safety Center Services","","52211","jason-goodman-Oalh2MojUuk-unsplash (1).jpg","presenter showing notes","1","3","near top + full width","/doe/sites/maine.gov.doe/files/inline-images/jason-goodman-Oalh2MojUuk-unsplash%20%281%29.jpg"
"/safety/sautraining","Where Have We Trained?","","52057","School Safety - 2026 Training Map - 4.8.2026.jpg","Training Map","0","3","near top + full width","/doe/sites/maine.gov.doe/files/inline-images/School%20Safety%20-%202026%20Training%20Map%20-%204.8.2026.jpg"
"/schools/eut/forms","Education in the Unorganized Territory Forms","","36555","pexels-cytonn-955389.jpg","man writing on form","0","3","near top + full width","/doe/sites/maine.gov.doe/files/inline-images/pexels-cytonn-955389.jpg"
"/schools/nutrition/programs","Programs - Child Nutrition","","52309","Untitled design (14)_0.png","Child and Adult Care Food Program banner","0","3","named banner","/doe/sites/maine.gov.doe/files/inline-images/Untitled%20design%20%2814%29_0.png"
"/schoolsupports/schoolhealth/guidelines/emergencycare","Emergency Care","","51993","School Health - Quick Guide Card .png","Guidelines Cover","1","3","near top + full width","/doe/sites/maine.gov.doe/files/inline-images/School%20Health%20-%20Quick%20Guide%20Card%20.png"
"/specialservices","Office of Special Services & Inclusive Education","","31080","OSSIE - CDS_1.png","Card image cap","0","3","near top + full width","/doe/sites/maine.gov.doe/files/inline-images/OSSIE%20-%20CDS_1.png"
"/teachingandlearning","Office of Teaching & Learning","","31068","INN - Early Learning_0.png","Card image cap","0","3","near top + full width","/doe/sites/maine.gov.doe/files/inline-images/INN%20-%20Early%20Learning_0.png"
"/Testing_Accountability/MECAS/math_ELA_Literacy","Math & ELA/Literacy","","34061","NWEA Acacia logo.png","logo","0","3","near top + full width","/doe/sites/maine.gov.doe/files/inline-images/NWEA%20Acacia%20logo.png"